lat,lon
2.700866761139263,101.63459953245558
2.700866479851978,101.63476317274389
2.7008657384957195,101.6349229983803
2.700866352039281,101.6350863682862
2.70086725967768,101.6352469728499
2.700867283592,101.63540900438905
2.7008684596356267,101.63557042186535
2.70086773052986,101.63573273463116
2.7008675402259263,101.63589412766669
2.700868337973419,101.63605775313462
2.700868931369304,101.63621957727642
2.700868635073326,101.63637986219616
2.700868781363319,101.63654314093205
2.7008694978192214,101.63670374298441
2.700870810681885,101.63686623159957
2.7008708743375207,101.63702966274374
2.700870956571373,101.63719066179452
2.700871268558336,101.63735099230611
2.700872278454069,101.63751333326834
2.700872300379252,101.63767585553111
2.700871547632105,101.63783755057463
2.700872888996313,101.63799920461075
2.700872688167689,101.63816136057325
2.7008719874802076,101.63832265627181
2.7008714420704503,101.63848585095367
2.7008715761350786,101.63864595843509
2.7008720308397827,101.6388100333862
2.7008717344519755,101.63897095063152
2.700871661644567,101.63913148277024
2.700872228460332,101.63929462052046
2.7008733446994566,101.64042662895692
2.7008740453852504,101.64058973548995
2.700874445614435,101.64075179624082
2.7008738172693048,101.64091458003223
2.700874720318416,101.64107428547617
2.70087398987862,101.64123692407692
2.7008753338717284,101.6413987261862
2.7010083593416403,101.63451999117802
2.7010075945690186,101.63468164749757
2.701008018827933,101.63484247371106
2.7010077006098494,101.63500560226593
2.701007187769166,101.63516693087071
2.7010061761356967,101.63532938648655
2.7010065981845606,101.63549055991882
2.7010064235309854,101.63565188684849
2.7010063981196475,101.63581458891322
2.7010075004527416,101.63597617902906
2.701007123434097,101.63613769827889
2.701006501950633,101.63629931348065
2.7010058441887446,101.6364623828025
2.7010059146871175,101.63662490718676
2.701005592305173,101.63678484008716
2.7010060905678586,101.63694722919602
2.701004827893313,101.63710958757736
2.7010042907022167,101.63727208803493
2.7010032341463353,101.63743419809138
2.701003063348416,101.63759445509262
2.701003138828534,101.63775724146798
2.7010044613567143,101.63791879452222
2.7010038726085956,101.6380802454252
2.7010041184668188,101.63824210031262
2.7010050218969615,101.63840345289945
2.7010049492709998,101.63856494480844
2.701003753908518,101.63872767495604
2.7010049274176127,101.63888872970571
2.7010060623903716,101.63905073501594
2.701007348658904,101.63921288701002
2.701007250749621,101.64034686026922
2.7010068565957006,101.64050937710041
2.701007485968015,101.64067038246155
2.70100810794592,101.64083297654403
2.701008468795505,101.64099321599144
2.7010086014997694,101.64115500123451
2.7010082557788033,101.64131877050353
2.7010082107268985,101.64148133925102
2.7011491175815756,101.63443947876306
2.701149611308367,101.63460010249543
2.7011487609275013,101.63476214342927
2.701148350072125,101.63492529411866
2.701147661110626,101.63508466275267
2.7011476746757683,101.63524828334387
2.7011478835401475,101.6354106258423
2.7011485021978503,101.63557169586294
2.7011478799608724,101.63573211577054
2.701147836314017,101.63589499806409
2.701147281579678,101.63605781066327
2.7011470574741465,101.6362181945313
2.701148223341752,101.63638210284884
2.7011488815885674,101.63654340044351
2.701147771170962,101.6367037106484
2.7011466512554807,101.63686561358469
2.7011474707616685,101.63702802178267
2.7011483525563715,101.6371915970412
2.701147731946212,101.63735212276772
2.7011468188768046,101.63751277277058
2.7011473506305257,101.63767639424141
2.7011470412682934,101.63783660803652
2.7011467158911326,101.63799843291835
2.701145702757253,101.63816274199549
2.70114450605109,101.63832430071265
2.7011439464911504,101.63848662745106
2.7011430798139764,101.63864604065223
2.7011443135147477,101.6388094037298
2.70114406552842,101.63897014734358
2.7011431408222997,101.63913270682202
2.701142623137844,101.63929362879911
2.701142972699885,101.64042651362087
2.7011426595833794,101.64058894827896
2.701142452493475,101.64075225650845
2.701141173026562,101.6409136353988
2.7011407074816796,101.64107526428207
2.7011401682516825,101.64123680666582
2.701139093971642,101.64139902262868
2.7012871892856753,101.63451864170153
2.7012875085932198,101.63468022714487
2.7012869960853085,101.63484330132918
2.7012867908354177,101.6350061400442
2.7012868309604583,101.63516716096552
2.701285854012646,101.63532880946235
2.701286517549855,101.63549093630068
2.7012854577347563,101.6356524353652
2.701286075620704,101.63581441795542
2.701286014132972,101.6359751968709
2.701284944710182,101.6361369166219
2.7012853964315777,101.63630011762383
2.701285118658779,101.63646115753166
2.7012851289851243,101.636624470281
2.7012853325494968,101.63678449256028
2.7012864083355272,101.63694766345027
2.7012875485796086,101.63710898322222
2.7012879986583207,101.6372716915956
2.701289276489602,101.63743183004566
2.701289561933923,101.63759450911245
2.7012904327036273,101.63775804857568
2.7012903995324304,101.63791882859054
2.7012892950648313,101.63807960987448
2.7012882505750038,101.63824125755582
2.7012885601408088,101.63840547228446
2.7012892753680187,101.6385675661799
2.7012898317037135,101.6387293374448
2.701289641326176,101.63888984235314
2.7012906432940884,101.63905219795001
2.7012919886672364,101.63921255342696
2.701292241889234,101.6403481359599
2.701292653395943,101.64050902509814
2.7012928119238597,101.64067022662526
2.7012936004497714,101.64083126327803
2.7012935364395467,101.64099341422133
2.701293257171074,101.64115666779793
2.7012940071162013,101.64131816044977
2.7012936206731912,101.64147918093866
2.7014287480676558,101.63443884625386
2.701427668809519,101.63460008484542
2.7014285795448423,101.63476286738576
2.701429313705212,101.63492352177246
2.70142822128317,101.6350868456548
2.701428458468861,101.63524691902693
2.701429001573532,101.63541093073434
2.7014299438113443,101.63557191818593
2.7014301885698218,101.63573339435656
2.701430174978265,101.63589504078848
2.701429053627005,101.63605671946793
2.7014300340682116,101.63621782487878
2.7014310568192497,101.63638091032024
2.7014299920965827,101.63654341294722
2.7014310529064938,101.63670433317655
2.701430741035746,101.63686623980256
2.701430056642327,101.63702847259707
2.7014298352060835,101.63719068718017
2.7014294091729694,101.63735217790786
2.7014304427996056,101.63751534490635
2.701430077349109,101.63767525112632
2.7014290107700503,101.63783658994161
2.701429948127012,101.63800085605553
2.7014300950436017,101.63816026008091
2.7014291256820844,101.63832221322654
2.7014289494827777,101.63848479664175
2.7014287468308282,101.6386473214382
2.701428148938353,101.63880988264931
2.701427642598521,101.63897228703135
2.7014269406229015,101.6391339603501
2.701427878475036,101.63929436527025
2.7014267689137528,101.64026505194524
2.7014275160836214,101.64042726935197
2.701428626822992,101.6405896963185
2.7014298092215263,101.64075149043681
2.701430694874894,101.64091457300707
2.7014316531551077,101.641075666215
2.70143285360471,101.64123709033679
2.7014329990356085,101.64139837180646
2.7015677889014955,101.63451832179844
2.701568218094033,101.63468038561948
2.7015682825018947,101.63484208497911
2.701567163514795,101.63500499058293
2.701566113292312,101.63516696084599
2.701565666634686,101.63533003568477
2.7015656051091224,101.63549157755301
2.7015647290394407,101.63565308618507
2.70156595143419,101.63581443884952
2.701567016711448,101.63597518269404
2.7015669308491836,101.63613818899142
2.70156762109055,101.63630021950159
2.7015687502359333,101.63646268650014
2.7015692021722653,101.63662467745115
2.701568771678741,101.63678652546444
2.7015681045959536,101.63694720333433
2.701568705478903,101.63710885303328
2.7015693487450423,101.63727125038294
2.701569094250106,101.6374339265143
2.701570424953947,101.63759605819432
2.70157128372531,101.63775788314486
2.701571214479925,101.63791936612414
2.701572403768232,101.63808155488948
2.7015734639692925,101.63824288943148
2.701573319424725,101.63840561254787
2.701573004194374,101.63856725214609
2.7015726566554066,101.63872691206724
2.701573569807289,101.63888955973829
2.7015723215001257,101.63905204024897
2.7015711216496494,101.63921331838938
2.7015710713039485,101.6403471865992
2.7015701936365977,101.64050899126643
2.7015695119985326,101.64067172835067
2.7015685474317706,101.64083121418238
2.7015673311224577,101.64099372917043
2.7015678594251975,101.64115733439613
2.701566606147834,101.64131782998746
2.70156691539936,101.64147943586305
2.701708603415742,101.63443859073351
2.7017072936379347,101.63459960878765
2.7017082376669332,101.63476083530239
2.7017077432271748,101.63492448611768
2.701707403159738,101.63508608527835
2.701706370654588,101.63524779531392
2.701706772590788,101.63541021295758
2.7017075021613257,101.63557126281998
2.701707476452212,101.63573219324815
2.701706397853443,101.63589455828546
2.701707026071409,101.6360569008801
2.701706125715076,101.63621909236416
2.701705092291429,101.63637961592734
2.7017054429745806,101.636541913537
2.7017064800562784,101.63670417851013
2.7017071416031215,101.63686761887949
2.701707286094828,101.63702858207563
2.701706717144633,101.63718899614364
2.701707932992995,101.63735222279222
2.7017071940236455,101.63751318739881
2.7017062992512018,101.63767716439398
2.7017074778740775,101.63783727932487
2.7017069192768837,101.63799970015172
2.7017076806561935,101.6381620775481
2.701707056971873,101.6383241301976
2.7017072793874206,101.63848478930821
2.7017071506880463,101.63864733894329
2.7017061691544257,101.63880814998254
2.701706626538682,101.63896993546982
2.7017054582575377,101.63913279144992
2.7017061575431094,101.63929401844581
2.7017062575868573,101.64042872798987
2.7017072268500093,101.64058879728007
2.7017077543951995,101.64075223107305
2.701707891995587,101.6409148080916
2.701708589565911,101.64107656217764
2.7017089004129935,101.64123789465475
2.7017077180082425,101.64139954711196
2.701848444789077,101.63354710688796
2.7018473777205108,101.6337104586929
2.7018476930617106,101.63387115715607
2.701848984610112,101.63403294436482
2.7018500688456784,101.63419504678498
2.7018502365849724,101.63435666694802
2.7018492021996297,101.63451924302815
2.7018489849764764,101.63468039084682
2.70184999406076,101.63484337793992
2.701851238892936,101.63500389311338
2.701851379894012,101.63516608813015
2.7018512195235886,101.63532759871502
2.7018509019600314,101.63548983033725
2.7018512747305823,101.63565297676257
2.701850333231491,101.63581454461419
2.701850501832919,101.63597659132459
2.70185092323008,101.63613897771387
2.7018506860422775,101.63629917274318
2.7018493907074257,101.63646104427883
2.7018499636523985,101.6366228355167
2.7018492472831777,101.63678578254728
2.70184846994517,101.63694855419088
2.7018475686403227,101.63710996550087
2.7018469229241453,101.63727117944414
2.7018480341042626,101.63743272785325
2.70184935526185,101.63759523005521
2.701849084134688,101.63775640583256
2.7018489264648275,101.63791751735842
2.7018500919353894,101.63808135675865
2.701849338714154,101.63824147265467
2.7018486037821825,101.63840323249666
2.7018473108021195,101.63856611134396
2.7018464607265194,101.63872685000064
2.7018470055267407,101.63889080425267
2.7018478719471575,101.63905241667915
2.7018483252864596,101.63921455649123
2.701847808334483,101.6403471508269
2.7018479326056397,101.64050973211752
2.701848784485544,101.64066973029293
2.7018478469867353,101.6408332397235
2.7018478702279194,101.6409955902351
2.7018491447613022,101.64115571875735
2.701850210948516,101.64131799409374
2.7019887206588753,101.63346779908643
2.7019880260872293,101.63362797503257
2.701989110398296,101.63379192585867
2.701987816555723,101.63395295536478
2.701987562210714,101.63411455972755
2.701987729087027,101.63427655713781
2.701987528438561,101.63443894061596
2.7019876237292655,101.6346003613616
2.701986742190477,101.63476189561818
2.701987837088842,101.63492278127013
2.7019869358242072,101.63508462553865
2.7019863453451842,101.63524913490382
2.7019870035697364,101.63540853177521
2.7019880191442556,101.63557086956091
2.7019881448388374,101.63573412874922
2.7019885555335894,101.63589558830844
2.701987265034088,101.63605672617678
2.701986740287297,101.63621999278668
2.7019864439165073,101.63638080935205
2.7019867757467346,101.63654177189454
2.7019865505558958,101.6367058004224
2.701986398508189,101.63686636577478
2.7019855583120433,101.63702846755048
2.701984540887463,101.63719014713473
2.7019846332213695,101.63735315949974
2.70198511488217,101.63751385492826
2.7019856392605885,101.6376757993737
2.701984932456293,101.6378383248173
2.7019845845971724,101.63799945339616
2.7019856113813034,101.63816032674492
2.701985058462469,101.63832348795448
2.7019859255651495,101.63848456080913
2.7019870013305387,101.63864842027364
2.7019868150019026,101.63880824094294
2.7019861081941494,101.63897028079023
2.701987074990394,101.63913363531319
2.7019871330971563,101.6392957164359
2.701986962577583,101.64026587810227
2.7019880494082686,101.64042861380516
2.701988334174643,101.64058947911757
2.7019894759022924,101.6407508317925
2.701989053077305,101.64091410154253
2.7019878233486896,101.6410748401516
2.7019879188762266,101.64123599398233
2.701989035889235,101.64139877194108
2.7021277203788476,101.63354913753885
2.7021266770365773,101.63371026506596
2.7021255487627083,101.6338712396967
2.702125224756333,101.6340331985677
2.7021257693634353,101.63419589974879
2.7021254725154655,101.63435802578867
2.7021263248940985,101.63452038627098
2.7021253024885907,101.63468088904743
2.7021265969459964,101.63484294040344
2.7021266380610536,101.63500564162837
2.7021266273719555,101.63516807789361
2.7021278685471395,101.63532953087572
2.702127577908093,101.63548949632188
2.702128501518647,101.63565302935147
2.702128640325373,101.63581410049993
2.702128166785695,101.6359756374186
2.7021291498185755,101.63613784924341
2.702128286547854,101.63629991909777
2.702127471189104,101.63646183043406
2.70212771083128,101.63662496211941
2.702127454188074,101.63678435583441
2.702127788751785,101.6369476210209
2.702128820782615,101.63711046065232
2.702129052882767,101.63727228595431
2.702128387831904,101.63743191567704
2.702129403760146,101.63759524834875
2.7021305484058225,101.63775701321393
2.7021296238397032,101.63791815418669
2.7021293045034076,101.63807969763224
2.70212980537814,101.63824319829632
2.70213010752298,101.63840510332544
2.7021309620745297,101.63856509484626
2.702131577571334,101.63872798290002
2.7021321651065278,101.63888969135066
2.7021319232188947,101.63905166612257
2.7021311551141096,101.63921491114125
2.702129883197882,101.64034602697062
2.7021290544224863,101.64050883106734
2.7021293628560334,101.64067051529688
2.7021282413347016,101.64083170424209
2.702127769525887,101.64099396126831
2.7021271249049303,101.64115736736868
2.7021261442514994,101.6413173255122
2.7022682064935943,101.63346799946554
2.7022671728894054,101.63362788853631
2.7022675927899678,101.63379153407664
2.7022674917195504,101.6339529725938
2.7022677892374056,101.63411563142637
2.702266970910946,101.63427564823367
2.7022675042969806,101.63443866096001
2.7022683644399823,101.63460040975023
2.70226968796666,101.6347625629807
2.70227093249666,101.6349232244696
2.7022703259936653,101.6350867914852
2.7022692871068505,101.63524714580262
2.7022682463794747,101.63540995966078
2.7022692988543398,101.6355726058823
2.7022704080239546,101.63573237433715
2.702271003461286,101.6358950049902
2.702272027628394,101.63605844733166
2.7022721612194904,101.63621940890295
2.7022713280365567,101.63637961062184
2.7022719435979434,101.63654256438952
2.7022725942367276,101.6367039476944
2.7022716130621003,101.63686543845647
2.702271613207637,101.63702864216138
2.7022727374208886,101.63719097720025
2.7022721924465927,101.63735209851234
2.702272294667549,101.637515256101
2.7022712106836146,101.63767523514542
2.7022703341539422,101.63783760423647
2.7022702613570977,101.63800055609326
2.7022713422801976,101.638161962214
2.702271932227729,101.63832255859329
2.7022706702181174,101.63848438064348
2.702271359512197,101.63864682848688
2.702270524977587,101.63880776072189
2.7022694046815285,101.63897166989227
2.702268591025042,101.63913293775778
2.702268381057666,101.63929595853733
2.702267073395122,101.64026730738085
2.7022680254677844,101.6404285358025
2.7022686418263233,101.64059072622346
2.7022698025516716,101.64075132661776
2.7022708849100003,101.64091237189692
2.7022700930210783,101.64107413595976
2.702269173629876,101.64123793651083
2.7022686674483776,101.64139832776802
2.702407151524981,101.63354816091106
2.7024077738428467,101.63371063412515
2.7024075246695487,101.63387152755871
2.7024063450799045,101.63403374512222
2.702406593934936,101.63419468206989
2.702407370373186,101.63435752620398
2.702407302335491,101.63451992299107
2.7024068114064055,101.63468023476857
2.7024067950783612,101.63484214367068
2.702407835071101,101.63500446814894
2.702408669625922,101.63516726724424
2.7024096370542416,101.63532897246054
2.7024100622487666,101.63549176768976
2.7024108051865805,101.63565211553565
2.702410710378169,101.63581486446759
2.7024104512559886,101.63597661499962
2.702411047837831,101.63613940230539
2.7024109513823418,101.63629880926506
2.702410479532717,101.63646255296305
2.702409199596764,101.63662429749814
2.702410003380488,101.63678446455253
2.7024096686887074,101.63694713110097
2.702410476316013,101.63710809467212
2.7024095914100092,101.6372699250055
2.702409415937132,101.63743347084936
2.7024087225099303,101.63759624289365
2.7024085404443126,101.63775559697757
2.7024073908320485,101.6379194449008
2.7024083164651156,101.63808184382384
2.7024078269628964,101.63824143366192
2.702408618534287,101.63840344313004
2.702409530374093,101.63856650854537
2.702408227677392,101.63872927685696
2.702409142760646,101.6388905817747
2.702409763903986,101.63905128516073
2.702410090609528,101.63921324448957
2.7024110192216106,101.64034617965504
2.702410201896355,101.6405089758614
2.702409393734164,101.64066950224708
2.7024089468185433,101.64083140055205
2.702408571796537,101.64099346744291
2.7024098696534162,101.64115513294726
2.702409942792438,101.64131713041877
2.702547301860973,101.63346735457483
2.7025480734990124,101.63363016586673
2.7025488790319034,101.63379072950455
2.702548123849569,101.63395281229107
2.702547332352886,101.63411391631188
2.7025463521518764,101.63427557835911
2.7025452683995432,101.63443713563863
2.7025442216513076,101.63459958726497
2.702543782007052,101.6347621217803
2.7025445621273394,101.63492434723825
2.702545008963731,101.63508603336447
2.702544865835919,101.6352478856605
2.702545365586191,101.63541007388854
2.702544647473356,101.63557148636097
2.7025433082067365,101.63573452859929
2.702542134992493,101.63589604251563
2.702542656750705,101.63605682512987
2.7025434657692613,101.63621771889274
2.7025434813551996,101.63638209855715
2.702544338702853,101.6365440287516
2.7025432798321822,101.63670443436001
2.7025421546835773,101.63686609443624
2.702543256048675,101.63702716489826
2.702541946220036,101.63719062502894
2.702542133551052,101.6373510648165
2.7025429070186484,101.6375134824184
2.702541569191377,101.63767689158365
2.702540682546397,101.6378374504701
2.7025405831986764,101.63800034297168
2.702539842303021,101.63816127892835
2.702540434992071,101.6383238472171
2.7025393934351207,101.63848518741403
2.7025383172648736,101.6386484100923
2.702537741353078,101.63880899200329
2.702536684092099,101.63896972043669
2.7025365847278158,101.63913217084885
2.7025374347341997,101.63929439438243
2.7025377331206486,101.63945769183117
2.7025366143047407,101.63961914040631
2.7025362396731625,101.63978016465371
2.7025372456201695,101.63994218286363
2.7025373788968077,101.640103040363
2.7025381197311225,101.6402664559011
2.7025376482379464,101.64042787155653
2.7025384832430026,101.64058913209557
2.7025390090810175,101.64075088918011
2.7025387402292536,101.64091426783922
2.702539614159561,101.6410765821498
2.702540734102191,101.64123855574586
2.7025403546042948,101.64139922603748
2.702689234113782,101.63354863214526
2.702689554330017,101.63370992722002
2.7026905172699993,101.63387132936728
2.7026902579292784,101.63403325119552
2.7026889295919068,101.63419638081592
2.7026893482976835,101.63435655338442
2.7026893608161062,101.63452044830818
2.702688932830107,101.63468009619405
2.702689580179097,101.63484366352921
2.7026908115342843,101.63500481906169
2.702690324861026,101.63516565166307
2.7026903890669187,101.63532811103451
2.702689397620547,101.63549150704576
2.702690344996107,101.63565209666463
2.7026906166776907,101.63581449720063
2.7026911753290856,101.63597552579667
2.7026914499177477,101.63613742842075
2.7026920299551547,101.63629975199828
2.702693330964014,101.63646122059812
2.702692106028989,101.63662410919672
2.7026913531696306,101.63678690046565
2.702692051464737,101.63694783563545
2.702691623955279,101.63710995036281
2.7026922505556694,101.63727172420165
2.7026931021196607,101.63743293735973
2.7026938160930563,101.63759378514852
2.702693800309366,101.63775743580238
2.702693733250727,101.63791860631449
2.7026929061882026,101.63808000067259
2.7026917429315986,101.63824128441753
2.702692890903049,101.63840509083334
2.702693981697294,101.63856696063394
2.702694516256173,101.63872822773259
2.702695751118037,101.63888947312753
2.7026953221240935,101.63905156768561
2.7026957734156007,101.63921306423204
2.7026957785179295,101.63937674719892
2.7026946955384172,101.63953776322725
2.70269501060454,101.63969978113673
2.7026943620243307,101.63986032931813
2.702693656843505,101.64002272950331
2.7026932191546655,101.64018588815107
2.7026935706747746,101.64034567912528
2.7026927269592913,101.64050745277899
2.702692486491393,101.6406694258353
2.702691383482025,101.64083134694124
2.702691015776923,101.64099513807687
2.702691621290046,101.64115717172832
2.702691258957554,101.64131780166491
2.7028271952280267,101.63346749860068
2.702827593236496,101.63362915616462
2.7028270810485657,101.63379184296873
2.702827188770651,101.63395208974603
2.702826220500814,101.63411499624465
2.70282704169831,101.63427550334242
2.702826056721695,101.63443796675351
2.7028273345863263,101.63459986834177
2.702828515229779,101.63476084159022
2.7028282503466317,101.63492423686476
2.7028277291271694,101.63508480013664
2.702828091899721,101.63524757470003
2.702828278136388,101.63541047576045
2.7028290627871585,101.63557279781749
2.7028277165116084,101.635733782103
2.702827497224801,101.63589551040172
2.702828532896447,101.63605705232904
2.7028293444911786,101.63621797912447
2.70282867232214,101.63637963749456
2.7028279990085387,101.63654212602354
2.7028282320097676,101.63670563401169
2.702828953697817,101.63686601524087
2.702828706076922,101.637027482253
2.702829966959833,101.63719074418734
2.70282907327919,101.63799931334601
2.70283010595878,101.63816276920834
2.7028294113667015,101.63832291994805
2.7028282965776143,101.63848576180395
2.7028282606127423,101.63864845510217
2.7028283129950026,101.63880934860147
2.7028278044671312,101.63897020030117
2.702829019483322,101.63913175328406
2.7028303148482338,101.63929449183965
2.702830392019419,101.63945636164354
2.70282932730266,101.63961958203456
2.7028299755809417,101.63977970849719
2.702830597734246,101.63994161695369
2.702830225733178,101.64010314179026
2.702831197657797,101.64026614785013
2.7028302034397895,101.64042829286517
2.7028296897303776,101.64059098910592
2.7028297527477725,101.64075101782593
2.7028296166796157,101.64091450174823
2.702830883190477,101.64107556724909
2.7028296951143127,101.64123778071777
2.7028288891177468,101.64139899173554
2.702968356233103,101.63354721566347
2.70296724288639,101.63371066720862
2.7029684955615627,101.63387188294872
2.702969640552367,101.63403425862654
2.7029691121390766,101.63419645213384
2.7029687859063083,101.63435877173458
2.7029686026665694,101.63451854335085
2.7029682289053722,101.63468106943913
2.7029676547047172,101.63484208304091
2.7029684331595645,101.63500539937486
2.7029677862622408,101.6351660222465
2.7029688502022724,101.63532782088079
2.702969251506222,101.63549090211502
2.702968188471777,101.6356512628945
2.702968977143823,101.63581363331139
2.702968031025774,101.63597731367669
2.702966846488911,101.63613881597159
2.7029662473449676,101.63630079391804
2.7029654464941415,101.63646236490519
2.7029664241515654,101.63662275040127
2.702965220932264,101.6367851845752
2.7029647095885494,101.63694735751655
2.702966056107664,101.6371092754793
2.70296665681401,101.63791930019434
2.7029661801905864,101.63808042667334
2.702966058222708,101.63824288146881
2.7029667013677248,101.6384032602954
2.7029660754328524,101.63856665212815
2.7029661760870693,101.63872930269338
2.7029655662577787,101.63888913092798
2.702965980062076,101.63905252900483
2.7029658748745935,101.6392135430778
2.7029653712448667,101.63937594916179
2.702965652687177,101.63953851056317
2.702966114736088,101.63969871982412
2.7029650813241473,101.63985997465825
2.702964513397044,101.64002402980975
2.7029633938642075,101.64018387527098
2.702963578344213,101.64034817665967
2.7029648792669243,101.64050942339253
2.702963563238704,101.64067112390748
2.702962809084728,101.64083236137232
2.7029627833185184,101.64099552001541
2.7029627618601912,101.64115525189813
2.7029626022645195,101.6413178653881
2.7031090787747614,101.63346681578413
2.703108436586275,101.63362952676191
2.7031086724859534,101.63379207303599
2.703109246165933,101.63395386254912
2.7031083768466533,101.63411360713768
2.7031081359261333,101.63427755990708
2.703107110878512,101.63443944211882
2.703105857974632,101.63459895906195
2.703105571349414,101.63476256273007
2.703105251173003,101.63492317930951
2.703104665792992,101.63508581130584
2.7031033948915106,101.63524861268972
2.7031028085686346,101.635410037006
2.703103333417761,101.63557246106095
2.7031042620493615,101.6357326795639
2.703103571515387,101.63589445786451
2.703104223982293,101.63605848937362
2.7031047706010507,101.63622013359435
2.7031053542969685,101.63638151748596
2.7031041553802773,101.63654367342612
2.7031032235943973,101.63670494900182
2.703102672191405,101.63686676922012
2.703102037841328,101.63702835438173
2.7031028425149546,101.63718940650676
2.703103640002932,101.63799909126476
2.7031044654380776,101.63816278178844
2.703105711387599,101.63832271794172
2.70310610988653,101.63848585402722
2.7031074325040705,101.63864802971335
2.703107573748299,101.63880927948206
2.703107829444553,101.63897151887267
2.7031070352522772,101.63913171763473
2.7031065812558195,101.63929548179354
2.703107395916354,101.63945543243787
2.703106291652399,101.63961833589373
2.7031051296300217,101.63978061091184
2.7031053052678327,101.63994199139555
2.7031065260632796,101.64010420782016
2.7031060364020014,101.64026562117708
2.7031053206331657,101.64042860219809
2.7031059424336332,101.64058872970638
2.703106216280171,101.6407514317195
2.7031053003580845,101.64091428785582
2.7031046493097164,101.64107491441504
2.7031049236106153,101.64123637785664
2.7031051556864707,101.64140001810803
2.7032489379194775,101.63354884105478
2.7032493541567995,101.63370928403513
2.703249427085033,101.63387222440704
2.7032489138873075,101.63403312836563
2.703248887038947,101.63419495984913
2.703247547335481,101.63435613810115
2.7032481090558935,101.63451878333383
2.703247520424147,101.63468062941007
2.703246726183155,101.6348430948848
2.703247409133031,101.6350059200734
2.7032469264928256,101.63516762886755
2.7032472867063553,101.63532829758753
2.7032486319569466,101.63549013899147
2.703249972728529,101.63565125584275
2.7032505103380546,101.63581418675604
2.7032500074069583,101.63597519238323
2.7032511303184057,101.63613693150135
2.703252447134487,101.63629934305813
2.7032531880288406,101.63646239235601
2.703254442191259,101.63662312355787
2.7032552261043503,101.63678644690539
2.703254278989743,101.63694629898218
2.7032552232635774,101.6371103316529
2.7032560848584035,101.63792004470206
2.7032566363483164,101.63807998660748
2.7032553625609768,101.63824238436409
2.703255697764838,101.63840523685677
2.7032559096350273,101.63856753959055
2.703256756723408,101.63872921684724
2.703256413742233,101.63889061571793
2.7032557314279995,101.63905258087246
2.7032567468832576,101.63921393399607
2.7032579534889267,101.63937507815064
2.7032588138059848,101.63953681082376
2.703257651628679,101.63969827554216
2.7032571696238152,101.63986095388714
2.703256482656846,101.64002430701149
2.7032554916259373,101.64018392579052
2.703254475741649,101.64034786518397
2.703253912770988,101.64050840379544
2.7032537229891216,101.64066969304614
2.703254255796953,101.64083366169089
2.7032541836372888,101.64099423874958
2.7032533679385886,101.64115589922754
2.7032545414339655,101.6413180507723
2.7033894920193826,101.63346663489322
2.703388620306194,101.63362925723112
2.703389119258784,101.63379030226251
2.703390409909528,101.63395199986118
2.7033893710390697,101.63411489089957
2.70339016419209,101.63427661933308
2.7033910644945474,101.63443723746033
2.7033923480168895,101.63460130317664
2.7033932315707325,101.63476145141652
2.7033944594309864,101.63492371902214
2.703394078476888,101.63508518802055
2.7033935815432795,101.63524658714543
2.7033948853745002,101.63541086735465
2.703393954712084,101.63557226234072
2.7033941982045704,101.6357326045259
2.7033950537146842,101.63589632894195
2.703395079987155,101.6360569076729
2.7033951478459675,101.63622017047567
2.7033949720751793,101.63638178554922
2.703395858049362,101.63654394793178
2.7033955351419436,101.6367045713574
2.70339611182118,101.63686761147639
2.703396759479793,101.6370297770459
2.703397446208584,101.6378387528645
2.703397134181463,101.63800007971696
2.70339580918041,101.63816196623489
2.703396535442865,101.63832372256573
2.7033974226607933,101.63848477896433
2.7033968630652683,101.63864642488406
2.703396389437634,101.63880969272675
2.703395656347584,101.63897163396821
2.7033946840192904,101.63913202208519
2.703395722496956,101.63929491482027
2.703396259243233,101.63945736710679
2.7033952405197867,101.63961912480914
2.7033941067690095,101.63977940178378
2.7033940897999726,101.63994298469824
2.703393166374514,101.64010463797302
2.703394440008219,101.64026589590814
2.7033953890795086,101.64042710664624
2.703395971252559,101.64059061331103
2.703395817943194,101.64075216370007
2.7033966005397905,101.6409130760636
2.703397862603249,101.64107468238275
2.7033990600306663,101.64123841115558
2.7033994345917423,101.64140037793749
2.703527671436697,101.63354840044619
2.703527080368026,101.63370916134463
2.7035266187450517,101.63387208574387
2.703526421419225,101.63403238366867
2.7035268480560117,101.63419626847863
2.7035270195267245,101.63435860030538
2.703527494595265,101.63451829097258
2.7035277078531297,101.63468186874628
2.703527535524419,101.63484351016365
2.7035269441278036,101.63500415501949
2.7035257479089823,101.63516761834806
2.7035255814644006,101.63532959671456
2.7035252254131223,101.63549113594914
2.7035243700883838,101.63565322936634
2.703524170996988,101.63581372019604
2.703524331365777,101.635976540258
2.703524515850511,101.63613742924434
2.7035258318734194,101.63629910614428
2.7035255642668723,101.6364611289547
2.703524753177952,101.63662329026084
2.703523775108632,101.63678518158046
2.7035239720946516,101.63694694497643
2.7035234586248764,101.63710861515668
2.7035224865339065,101.63791968274157
2.7035215534733235,101.63808193217284
2.7035210240758114,101.63824357459848
2.7035197511442504,101.63840514096879
2.7035190894464654,101.63856565546693
2.7035197547349528,101.63872931225782
2.7035184721700496,101.63889113212436
2.703519235819097,101.63905154904825
2.703519630372072,101.63921284538615
2.7035191833604975,101.63937678132949
2.7035185805980553,101.63953660191221
2.703519046650987,101.6397001868291
2.703518186403374,101.63986050932972
2.7035186633384787,101.64002356423595
2.703518544259931,101.6401849020271
2.7035174164760996,101.640347343795
2.703517477070868,101.64050808059586
2.7035176140128887,101.64066978728302
2.7035165969385466,101.6408334251036
2.7035158379317665,101.6409948461071
2.7035145719433515,101.64115581436998
2.703515697918905,101.64131709508263
2.7036677785863783,101.63346845154197
2.7036667055048254,101.63362787733853
2.7036662526664594,101.63379052653113
2.703667273153198,101.6339522445208
2.7036683175158105,101.63411549289692
2.703667730438557,101.6342775668635
2.7036664737568343,101.63443951478996
2.703665611120096,101.6345996232529
2.7036645801897166,101.63476186206809
2.7036644083223655,101.63492370371003
2.703664721607929,101.63508528781145
2.7036634772788015,101.63524680749902
2.7036628917486714,101.6354102537933
2.703662400011398,101.63557156561521
2.7036614534181562,101.63573451817047
2.7036614885704804,101.6358943479523
2.703662814400787,101.636057442152
2.7036627343424477,101.63621952506476
2.703662045185856,101.63638057414151
2.7036612668507134,101.63654154552378
2.7036625144017803,101.63670525033564
2.7036618083390827,101.63686683692154
2.703662171956787,101.63702843988365
2.7036608383264302,101.63783778380166
2.7036613812074175,101.63799937045147
2.703662424928073,101.6381604987317
2.7036635661483706,101.6383242282904
2.703664793977931,101.63848519276819
2.7036652038437663,101.63864681013888
2.7036642392258567,101.63880886017388
2.7036647137219623,101.63897070649217
2.703665648587652,101.6391335713739
2.7036660569585114,101.6392948776892
2.703666586641965,101.63945531927897
2.7036676003164684,101.6396178358652
2.7036671496934197,101.63978135824546
2.7036659350124674,101.6399416959555
2.7036659499014064,101.64010300054522
2.7036656203365346,101.64026507761135
2.7036656391154246,101.64042674039412
2.703665250127619,101.64058879855897
2.703665261884524,101.64075206928197
2.703666448642756,101.64091259839765
2.703667517334928,101.64107442460958
2.7036670424980804,101.64123738360598
2.7036657398250825,101.64139962455027
2.7038089812437573,101.63354688404486
2.7038082217646666,101.63371116215336
2.7038090642342087,101.63387143406514
2.7038087445043324,101.63403489671698
2.7038084181662754,101.63419673440454
2.7038091322498885,101.6343566904709
2.703809803576883,101.63452067607321
2.703810338043911,101.63468032909884
2.7038101060554083,101.63484335020063
2.703808890185464,101.635006213092
2.7038089998885044,101.63516705213642
2.7038079011186715,101.635328997036
2.703807948502779,101.6354914361714
2.703809088046081,101.63565167238487
2.7038078234865806,101.63581510920908
2.703807926238646,101.63597518057244
2.7038080653259224,101.63613922426612
2.703807515567092,101.63630021902603
2.703808134531813,101.63646157284767
2.7038080118916072,101.6366226878465
2.703808974594957,101.63678499530526
2.7038099369162176,101.63694770754661
2.7038103405226313,101.6371090333619
2.7038114172268846,101.63791943089396
2.7038112065137425,101.63807930445603
2.7038108600027733,101.63824204524812
2.7038111987025157,101.63840532516822
2.703812466481952,101.63856717735106
2.7038134615140597,101.6387282388531
2.703813024081037,101.63889065754901
2.703812727312308,101.63905280792575
2.7038117071765573,101.63921390693564
2.703812180409755,101.63937624670001
2.7038133375854554,101.6395375281603
2.7038136900629492,101.63969986564646
2.7038146512553802,101.63986247410664
2.703814131646278,101.64002381909334
2.7038144135109112,101.64018563843877
2.7038146775844245,101.64034709162877
2.7038145424310924,101.64050934203694
2.7038132263635872,101.64067163145569
2.7038127774029457,101.64083332934509
2.703811987379993,101.64099517897661
2.703812647706191,101.64115591116608
2.703812803393236,101.6413169561069
2.7039499649661374,101.63346614125606
2.7039498663039936,101.63362957502227
2.7039511000141583,101.63379126980035
2.703952403041666,101.63395365577023
2.7039517963336266,101.63411546749174
2.703952300454593,101.63427699814686
2.7039519961028673,101.63443874301565
2.7039507509608813,101.63459999628239
2.703951572895877,101.63476291220091
2.703951221272189,101.63492305277639
2.70395220605844,101.63508659688976
2.70395157232717,101.63524750153718
2.703950585724466,101.63540856039668
2.7039494921313696,101.6355717667769
2.7039500149411104,101.6357340839429
2.7039499304812216,101.63589436556836
2.703949216624342,101.63605644032324
2.7039494523944074,101.6362201174217
2.7039491585400626,101.63638107508852
2.7039501759973086,101.63654315581738
2.7039494028136986,101.63670574239885
2.7039493789949174,101.63686667725744
2.7039493698224057,101.6370290352506
2.7039499296391067,101.6378376164178
2.7039511380606807,101.63799844142463
2.7039514940196607,101.63816082845531
2.703951224275084,101.6383243993422
2.7039524751750688,101.63848588871869
2.703952130922112,101.63864669693909
2.7039522255700352,101.6388098577379
2.703951541048596,101.63897093327401
2.7039517638407715,101.63913174342106
2.7039528480159074,101.63929601135533
2.703952117304518,101.6394556126095
2.7039512991875556,101.63961865907301
2.703950936107653,101.63978045888929
2.703949970882494,101.63994353848831
2.7039504457718335,101.64010290950489
2.7039512831021977,101.64026522224644
2.703950286505712,101.64042917029863
2.7039502808741624,101.64059041357979
2.7039507027898417,101.64075034705677
2.7039494591085007,101.64091428877363
2.7039486227664287,101.64107665404697
2.7039495323274805,101.64123728584302
2.7039481948291537,101.64139828987061
2.7040898037951937,101.63354693014733
2.704089130725209,101.6337095847358
2.7040890042500587,101.63387263267906
2.7040878182618706,101.63403349230173
2.7040875270145217,101.63419484725725
2.704088600107995,101.63435840503789
2.7040883963719016,101.63451814042115
2.7040891835022975,101.63468098516026
2.7040896462834114,101.63484336964261
2.704090717073504,101.63500410846399
2.704090576679295,101.63516584564046
2.7040906503701967,101.6353279144037
2.7040908602783196,101.63548957401764
2.7040913590717164,101.63565296918479
2.704092530422763,101.63581502647126
2.704092469784179,101.63597709911636
2.7040914312054394,101.63613928458913
2.7040922469226114,101.63629932770095
2.704091056420415,101.63646054528085
2.704089851303485,101.63662277386837
2.704088597013363,101.63678498115254
2.7040887270703022,101.63694823671935
2.704088702485887,101.63710901538782
2.7040875603776806,101.63791798243528
2.70408740621315,101.63807995609108
2.704086162753019,101.63824225870745
2.7040848232325296,101.63840365573249
2.7040837675525164,101.63856567031598
2.7040839180503444,101.6387291243037
2.704084634293528,101.63888938999462
2.7040847778923847,101.63905108439246
2.704085521088377,101.63921341798046
2.7040862439838618,101.6393743527556
2.704086838017713,101.63953683551354
2.704087690809011,101.63970003518111
2.704086554994479,101.63986029574706
2.704087057117052,101.6400242946245
2.7040871031477893,101.6401859236423
2.7040867645768736,101.64034755523419
2.70408600589567,101.64050836256916
2.7040859676743976,101.64066995677106
2.7040854454352146,101.64083156512662
2.704084397357368,101.64099480632534
2.704083931861693,101.64115565365984
2.704083740345745,101.64131822304535
2.7042288423843366,101.63346717562541
2.704227499857906,101.63411590817978
2.7042277126911234,101.63427714422289
2.7042284573595965,101.63443841628296
2.7042295738605806,101.63459928745428
2.704229733693104,101.63476174777261
2.7042299421347846,101.63492319096241
2.704229400161428,101.6350867055187
2.7042303305260926,101.63702756848528
2.704231067894324,101.63800002276636
2.70423239429129,101.63816251132003
2.7042317843161174,101.64059072322559
2.7042308031828166,101.6407516044823
2.7042300153988013,101.64091395662315
2.704231229110736,101.64107469079204
2.704230015948026,101.64123842506001
2.7042294615376874,101.64139839036548
