lat,lon,alt
2.7008777577705154,101.6335024503575,13.324985875684098
2.7008769992229205,101.63366438247745,13.319913941105142
2.7008782326933987,101.63382559173733,13.31442403646125
2.700876919132658,101.63398872885116,13.307873025595242
2.700875899558446,101.63415056929799,13.300380376327647
2.7008747226004557,101.63431102205948,13.292568674423332
2.700874900423752,101.63447385415628,13.284968405439386
2.700876177790121,101.63463699471905,13.277606794398157
2.7008767971574246,101.63479817024837,13.270158240376878
2.7008755605090347,101.6349583511321,13.262659168520628
2.7008757355365796,101.63512085866581,13.25489837430899
2.7008769475366097,101.63528245516794,13.247053107053055
2.7008766338039765,101.63544407648192,13.2390532697537
2.7008755505284494,101.63560755984983,13.230799689941337
2.7008760493066095,101.63576979645745,13.22262120502308
2.7008752976487784,101.63593119858443,13.215303582804292
2.7008757385853035,101.63609242578192,13.208788809716271
2.7008770188627644,101.6362557819167,13.201852496188035
2.7008776019023766,101.6364160186132,13.193749254211479
2.7008773613128496,101.63657897845562,13.184047540238133
2.7008776108431904,101.63673967225094,13.17371252484313
2.7008783666486087,101.63690184764967,13.16312667050452
2.7008793490211853,101.63706418768105,13.151808537370577
2.700878844158522,101.63722487878913,13.140981990460238
2.700878317803978,101.63738661491367,13.132468523085798
2.7008781409235527,101.6375491023594,13.127077957835555
2.7008775651158285,101.6377110136124,13.123695089729225
2.7008786055637017,101.63787220293695,13.120338064010957
2.7008780161929296,101.63803428109217,13.11703843542883
2.700878593938937,101.63819700348414,13.114876167516055
2.7008785082585587,101.63835938611841,13.112065886379538
2.700879102700808,101.63851980578815,13.106251970684887
2.700877815099059,101.63868268614854,13.096387409331435
2.700878801550915,101.63884586723549,13.083758485770073
2.700879923517906,101.63900653464668,13.070891883363693
2.7008803417111986,101.6391689926876,13.058345563805712
2.700879144016927,101.64046328928205,12.99698423697707
2.7008803577664353,101.64062487410077,12.991557959306315
2.700879886229702,101.64078758736012,12.987846101545593
2.7008808416189383,101.6409485953623,12.98335179218512
2.700881157227309,101.64111007848635,12.975741788399231
2.7008804977230114,101.64127178020911,12.964509658880639
2.701017562185978,101.63358326292477,13.323526274241734
2.7010181931080193,101.63374627594452,13.317523337323724
2.701018718423473,101.63390630667783,13.31051868451448
2.701020025481428,101.63406858728655,13.302174741683427
2.7010190699756254,101.63423131869573,13.29324166389161
2.7010181075318984,101.6343939673858,13.284806731344156
2.7010171364395505,101.63455369734638,13.277507741076105
2.701016095912226,101.63471606440147,13.270359976421858
2.7010165371669643,101.63487863563407,13.263509519194645
2.701017250473015,101.63504173735998,13.25702240846379
2.7010173990875335,101.63520315836814,13.250708416496781
2.701016911471697,101.63536387446206,13.24410275026617
2.7010176478436465,101.63552625707965,13.236792661825485
2.701018011520159,101.63568784663427,13.228921834702701
2.7010189353637704,101.63584867530672,13.221296900638235
2.701018522311777,101.63601135192633,13.214443947611333
2.701018911145939,101.63617257840131,13.207772113295071
2.7010182871783153,101.63633636664837,13.19999134851762
2.7010186946217747,101.63649754841086,13.190880916864758
2.7010180622587465,101.63665954305029,13.180595064743004
2.7010175058958774,101.6368211159071,13.169974986661712
2.701016560053904,101.63698353358141,13.158685970811398
2.701016948790513,101.63714405934391,13.146923609227215
2.7010163631474975,101.63730798653745,13.136234392839544
2.701017086220787,101.6374680139621,13.128734413649205
2.7010171838834145,101.63762924733328,13.123990041285365
2.7010163919526997,101.637792202856,13.12035426972302
2.701016219434638,101.637952905691,13.116569079007595
2.701015284382647,101.63811655432215,13.113783781157695
2.701015174695272,101.63827772110135,13.111914368557784
2.7010148785994863,101.63844109841084,13.108453005375136
2.701013646861409,101.63860068275159,13.101682673228657
2.701014568811161,101.63876351908543,13.091324201158336
2.7010136456469533,101.63892676173452,13.07928912670875
2.701012594668277,101.63908740350861,13.067600856182903
2.7010128562296254,101.63925010461298,13.056897923289075
2.701012792517644,101.64054360954435,12.997193558389704
2.7010124460803002,101.64070563231772,12.993272812955533
2.701013635975108,101.64086744062833,12.989947769019162
2.701014393523852,101.64102988803948,12.984289488093202
2.7010145035847324,101.64119140276001,12.974744526838192
2.701013843818628,101.64135261744272,12.962298686844777
2.7011593045307323,101.63350335630038,13.327496652139331
2.7011581620430825,101.63366315010545,13.321480895056677
2.7011593725216767,101.63382642858993,13.314216476933279
2.7011599558943415,101.6339885378129,13.305470386328388
2.701160290840064,101.63414896667352,13.295758074659913
2.7011596216512284,101.63431091662868,13.286080931582367
2.7011604272903713,101.63447473800896,13.277561569627828
2.7011592065542946,101.63463616712987,13.270208043553472
2.7011597246849584,101.63479833259794,13.263240460260842
2.701158865081028,101.63495867336987,13.257182348706074
2.7011588627083145,101.63512043495652,13.251707040515893
2.7011585530114837,101.6352830908077,13.246300530465017
2.70115727532858,101.63544596894836,13.240271490986812
2.701156100340015,101.63560729589821,13.23326945190958
2.701156511252196,101.63576917552116,13.225708424337716
2.7011553128118955,101.63593150650159,13.218823151985791
2.7011552255752918,101.63609377717438,13.212498908417594
2.7011542427065827,101.63625492256364,13.20570151851162
2.701154542221853,101.6364161812065,13.197576585859952
2.701154080820883,101.63657899892766,13.18796264798694
2.7011545186631585,101.63674015016048,13.177703660330426
2.701155507971098,101.6369014214113,13.167061530561877
2.7011552368991536,101.63706317156878,13.155336916174438
2.701155348806616,101.63722508151652,13.143606100695333
2.701155463204509,101.63738824309418,13.13370605693479
2.701155726866108,101.6375506984689,13.126669065028473
2.701154765897006,101.63771232863395,13.121670707295792
2.701155222288256,101.63787365165933,13.117109562954573
2.701155345814983,101.63803599831012,13.112863815405778
2.701155853855013,101.63819736121876,13.11015669601292
2.7011551020839653,101.63836009096472,13.107693353973318
2.7011544878979232,101.6385208822543,13.103371355696245
2.7011539048235087,101.63868211927647,13.096102182336429
2.7011538976829144,101.63884350069789,13.086542116342205
2.70115496453853,101.63900697909288,13.076324099974054
2.7011554506778275,101.6391685341658,13.066713198093217
2.7011554547265963,101.64046379458377,13.004878180125514
2.70115535379668,101.64062594673452,13.000213291126059
2.701156219029602,101.64078776767883,12.99723586910061
2.7011554326328238,101.6409499649891,12.992809581077925
2.701154102621958,101.64111148420447,12.98471205834396
2.701153341674003,101.64127184370025,12.9728917652357
2.701299396816955,101.6335844191232,13.325124615842796
2.7012992858623583,101.63374570151693,13.318307966962907
2.7013001896334754,101.63390701042819,13.309969425305326
2.7012999440231193,101.6340697457915,13.299970988124795
2.701299837186699,101.6342319784355,13.28934590354253
2.7012986623220447,101.63439384308724,13.279567828012702
2.701298764416686,101.63455393819514,13.271419514679728
2.7012990569156003,101.63471694353139,13.263716420542718
2.701300271790514,101.63487720430798,13.256820488624495
2.701300603079609,101.63503992426423,13.250889871828479
2.7013008604001416,101.63520183799928,13.245833794451599
2.701302088335851,101.63536395890704,13.240841495155369
2.701301093181792,101.63552653697742,13.235076534331533
2.701299932414854,101.6356880501907,13.228274174471816
2.7012994283590395,101.63585103484776,13.221508373698848
2.7012986432746433,101.63601100738434,13.215722413693856
2.701299945385801,101.63617402799535,13.209901465209233
2.7012993957628413,101.6363366580846,13.20309204489828
2.7013001737114046,101.63649737634532,13.194900896398867
2.7013007963119096,101.63666023004579,13.185439705883995
2.7013004032375707,101.63682065035044,13.175582678074747
2.701301135076362,101.6369834808673,13.16483819875286
2.7013019565357577,101.63714552497146,13.15336223270327
2.701303284681308,101.6373058603659,13.142517800979414
2.701303385554397,101.63746752647097,13.133228716981934
2.7013036158287442,101.63763042918164,13.125787938748998
2.7013039032765414,101.63779256258296,13.119475526317222
2.7013032791937523,101.6379539998032,13.113499239896697
2.7013040415700913,101.63811670875782,13.108485970113883
2.701303217648398,101.63827747811733,13.104814707774038
2.7013023159634257,101.63843894622379,13.101217606928971
2.7013026509393616,101.63860261041539,13.096346916222295
2.7013019169371844,101.63876283742822,13.09005168376934
2.7013015746599915,101.63892626320025,13.082620605559665
2.7013028356578235,101.63908769838257,13.07532153070085
2.7013021424891006,101.6392504133038,13.068374633403234
2.701301512127852,101.6403827312397,13.014425936630682
2.7013010607192816,101.64054457617914,13.008921257788352
2.7013000578451374,101.64070604485931,13.005543877363364
2.7012988360192915,101.6408670769109,13.00148871776657
2.7012996407930587,101.64103095847628,12.99410944660772
2.70129922672648,101.64119092918374,12.982855058947484
2.70130005669122,101.64135365233416,12.968898004331262
2.701438525491111,101.63350149689566,13.328190722472758
2.701438749039939,101.63366515151883,13.321750122663177
2.7014387737086296,101.6338257794652,13.314412988258754
2.70143781711494,101.63398789321438,13.305322326505788
2.701438031098827,101.63414995274951,13.294792385609984
2.7014377150484385,101.63431260440228,13.28399841949941
2.7014368763710594,101.63447381432431,13.274492546430231
2.7014362137699677,101.6346370279058,13.266008983851002
2.701435216093723,101.63479630833307,13.25802979546384
2.701435640814019,101.63496062076138,13.250635947496837
2.7014368822783803,101.63512018458013,13.244719063809864
2.701435732956386,101.63528446627686,13.23976502534106
2.701436878802263,101.63544557622072,13.234951022731751
2.7014364914700786,101.63560740780756,13.2292513330449
2.7014365654566346,101.635769725032,13.222874877116302
2.7014374797343823,101.63593153957923,13.217246817190805
2.701437120950915,101.63609309610017,13.2122264872836
2.7014384290987112,101.63625440027123,13.206716677171508
2.70143745043017,101.63641607207715,13.199881946850239
2.7014385883642995,101.63657696871417,13.191715986333238
2.7014385875586835,101.63674127171171,13.18255208756533
2.701438346693366,101.63690145765294,13.173117472373495
2.701437241110012,101.63706324791161,13.162799730051596
2.7014359484681423,101.63722666475927,13.15201711191601
2.701435194073612,101.63738749095097,13.141850569236912
2.701436307366434,101.6375485900636,13.132668997128874
2.7014360878987027,101.63771004182445,13.12436659690188
2.7014371061697617,101.63787229490683,13.11664350202536
2.7014380094289145,101.63803484081255,13.10945303871523
2.7014390949362617,101.63819728133646,13.103261796954374
2.7014382153203766,101.63835971189864,13.098215486249119
2.7014374359319775,101.63851950998956,13.094003805493061
2.7014386770380443,101.63868147553883,13.089883621761985
2.7014383418629633,101.63884548723252,13.085520806745429
2.7014386541213433,101.63900680019626,13.08091997633693
2.70143891784667,101.63916740321314,13.07647430699439
2.701439235558875,101.64046298420136,13.01888434960385
2.7014390639564314,101.64062440261064,13.01480598969559
2.7014388392134636,101.64078664365456,13.01032734710054
2.7014393197746287,101.64094975096344,13.002841934452467
2.7014399695836753,101.64111146124196,12.991347542469438
2.7014408626645054,101.6412730935742,12.97703709746631
2.7015785443266207,101.63358222382263,13.324402049881924
2.7015793746746777,101.63374412685806,13.317969480169555
2.7015806134634035,101.63390734046634,13.310300271626591
2.701580377078476,101.63406943645367,13.300927594234418
2.7015807748818514,101.63422992040837,13.290398653571502
2.7015809101206743,101.63439161857735,13.27987607064408
2.701581704137646,101.63455418197682,13.270456609861156
2.7015811058088257,101.63471678871517,13.261390770270971
2.70158119934669,101.6348778417771,13.252550436820105
2.7015819435969974,101.63504114678665,13.244693063066896
2.701582095927027,101.63520157073445,13.238703341814446
2.7015824996029947,101.63536289116662,13.233986184844381
2.7015832410206473,101.63552509594578,13.229292358507747
2.7015822545063997,101.63568843008163,13.223709733564544
2.7015821650478453,101.6358492008419,13.21827808934168
2.7015826325213754,101.63601271098184,13.21350628909849
2.7015826608127327,101.63617383813829,13.208761923753169
2.7015830673696235,101.63633643243733,13.202949102830335
2.7015832685840016,101.63649739206421,13.195844199213676
2.7015826212444107,101.63665967577917,13.187727767777522
2.701583124522448,101.63681982917343,13.179312914029266
2.7015826113805503,101.63698348786367,13.170246994592237
2.701581337171689,101.6371458476326,13.160905738361775
2.7015821019343385,101.63730780701376,13.151363471561194
2.7015831843795697,101.63746963071767,13.14164173575126
2.7015837718086866,101.63763112346004,13.131900304986237
2.701584627806222,101.63779340110345,13.122400803934116
2.7015858225221767,101.63795350093129,13.113574184339987
2.7015853086087716,101.63811598181056,13.10505216956355
2.701585377277915,101.63827776184371,13.097361709314683
2.7015859500808594,101.63844084254384,13.091398798926747
2.701587158388609,101.63860225066084,13.08773063884907
2.701585956606183,101.63876312333794,13.085766748580761
2.7015851895416496,101.63892470342222,13.084174025471603
2.7015842924462357,101.63908724869029,13.082356133193105
2.701585628741255,101.63924869039181,13.080155313417368
2.701585241320647,101.64038151378162,13.030785011004099
2.701584046397297,101.64054514942846,13.0256817243054
2.7015832107232036,101.64070506729644,13.020311613587078
2.701581986130632,101.64086670507194,13.011976784494875
2.7015833079181593,101.64102883634642,12.99959059612413
2.7015833421825093,101.64119134895358,12.984204469043132
2.701584153942993,101.64135292908378,12.968052690425104
2.701719571632347,101.63350206619165,13.326680640319395
2.7017197207398094,101.6336651604346,13.32062474474679
2.701718872988971,101.63382582032699,13.314344567808794
2.7017185673302024,101.63398928665255,13.30651148517997
2.7017190531289073,101.63415118548178,13.296944358315494
2.7017183040146433,101.63431104641086,13.286466708296626
2.701717517917773,101.63447262951212,13.276231909912902
2.7017170369391246,101.63463704387031,13.26657426969935
2.701715829649496,101.63479876660004,13.256826032302438
2.70171683801262,101.63495907767322,13.247552579241335
2.701717116388644,101.63512222232022,13.239807730685058
2.7017166452105212,101.6352824657629,13.23430741320399
2.701716367193309,101.63544564150544,13.229929926820727
2.7017174754235733,101.63560702588927,13.225279895773491
2.701716427488255,101.63576936790209,13.220021424191074
2.7017162227472187,101.63592994721853,13.215284945505477
2.7017171860674383,101.63609289986873,13.21064925177934
2.701716510977554,101.6362535372402,13.205347322178987
2.701717621916514,101.63641525667323,13.198764650538287
2.7017176854887777,101.63657938828868,13.191095416302298
2.7017179513156275,101.63674032801804,13.183278774437609
2.7017175950165098,101.63690068831039,13.175295445439255
2.7017179639832194,101.6370627779619,13.16719203060579
2.701717438173581,101.6372253368318,13.158985976597036
2.701716337869624,101.63738712238832,13.15018047403094
2.7017176364362228,101.63754843734691,13.140568966753984
2.7017174935450017,101.6377111796701,13.13027437964935
2.701716305054782,101.6378742650133,13.120125671429456
2.7017164061722965,101.63803643633088,13.110539969787455
2.7017175359978585,101.63819734463996,13.10109036803797
2.701717788351859,101.63835943453861,13.092877520880284
2.701718478569138,101.63852196199392,13.08768950149341
2.701719453135994,101.6386814179008,13.085910617534445
2.701718326794186,101.63884564872703,13.086079612697617
2.701718539913574,101.63900537507403,13.086375229042558
2.7017184484620866,101.63916951223814,13.086450459041743
2.7017197187423743,101.64046225474866,13.037101244862557
2.701720467210094,101.64062603704859,13.030884701528239
2.701719589893223,101.64078612568734,13.021834236032642
2.70172049894553,101.64094835693521,13.008449454649925
2.70172132287416,101.6411116608101,12.991460937428208
2.701721583444141,101.64127361231516,12.97403070374099
2.701859260542423,101.63358249837235,13.323504236409834
2.7018597656973404,101.63374552047917,13.317728939922535
2.7018598892641443,101.6339068424109,13.311287717419338
2.7018611936222454,101.63406888061013,13.303079370334077
2.701860535617304,101.63423118891853,13.293099459861551
2.7018597743654245,101.63439377275228,13.282475586777414
2.701858974125236,101.6345558506071,13.272475413729929
2.7018578953293027,101.63471550048502,13.262701267932425
2.7018579866363526,101.63487934737091,13.2524406552063
2.7018567470265085,101.63504008536938,13.243488640911881
2.7018575576273283,101.63520361374675,13.236714403085957
2.7018562878070593,101.63536531024468,13.232092736698167
2.701855861251024,101.63552580797008,13.228083510358486
2.7018567918527134,101.6356881005739,13.223302059505404
2.7018566452001953,101.63585073293002,13.218373543983535
2.7018566925914604,101.63601222042496,13.213574987018369
2.7018569118180364,101.63617261295639,13.20816587426128
2.7018581500809558,101.63633439493336,13.20152627494301
2.7018580133901766,101.63649789541059,13.193831468630673
2.701857746258855,101.63666050492658,13.186018033403009
2.701856892256674,101.63682187147977,13.178541713017504
2.7018573100793835,101.63698289098693,13.171107964126332
2.701858277729398,101.63714603120874,13.16404002599873
2.7018591893528896,101.63730618049425,13.156900308104895
2.701860089146828,101.63746963460524,13.148522732413868
2.701860673982561,101.63763175536631,13.13891056598584
2.7018611375992463,101.63779132299518,13.128821199164973
2.701861834339153,101.6379537461641,13.118835465039314
2.701861987697165,101.63811594669993,13.108840075826638
2.701861898695677,101.63827850514522,13.099085786508583
2.7018620983496793,101.63844106979435,13.09186000410074
2.701861133934101,101.63860229341236,13.088718493058002
2.7018616358880267,101.63876262884608,13.089103627890427
2.701861177041089,101.63892414104212,13.090761076864784
2.7018622762867808,101.63908627615854,13.09224602739127
2.701862684041175,101.63924970314638,13.092944430337308
2.7018638352936084,101.64038331302265,13.049334383455179
2.7018625760486086,101.6405455536908,13.042316586903855
2.7018619956145846,101.64070533428152,13.032896996540096
2.7018633292786163,101.6408682396314,13.018933102419231
2.701862076772785,101.64103073502439,13.000794595177284
2.7018631796659,101.64119307021834,12.981409683530222
2.7018624501309496,101.64135375113092,12.963127917113024
2.7019980298374002,101.63350385151547,13.326963466508072
2.7019973343617347,101.63366519405396,13.321254600704506
2.7019986201210577,101.63382608398179,13.315470604857143
2.7019983342403826,101.6339892405294,13.308245591643278
2.701997493069771,101.63414903421135,13.299264605851036
2.701997673402682,101.6343107932747,13.288849389332642
2.7019968836364914,101.63447464787986,13.27831192608086
2.70199608222782,101.63463605035616,13.268474146250027
2.7019952226947983,101.63479651348896,13.258405298392798
2.701995903332679,101.63496021810117,13.248684661465864
2.7019967893842076,101.63512234034566,13.241093400640684
2.701996049194925,101.6352840495176,13.235964698028443
2.701995154972488,101.63544473804866,13.232219871989074
2.701996227968435,101.63560743504493,13.228068650218617
2.7019961744736425,101.63576979868793,13.223138061651358
2.7019955016708375,101.63593179191797,13.218073159900241
2.7019961133731445,101.63609214376517,13.212373959926548
2.701997255564047,101.63625352586853,13.205367697208086
2.701996663530038,101.63641662968156,13.19715990207023
2.7019962907464574,101.63657782787925,13.188875895621171
2.7019965959005345,101.6367408362822,13.18125643976256
2.7019962616722744,101.6369025222849,13.174088635584598
2.701995538629926,101.63706348436499,13.16752312837304
2.701994829855895,101.63722700313824,13.161382208233338
2.701995383224597,101.63738639735425,13.154853105637358
2.701995386000068,101.63754878175844,13.146801113384575
2.701994546452411,101.63771098474682,13.137395677976993
2.7019950994797695,101.63787454403699,13.127497391304171
2.7019943419103205,101.6380362710785,13.117878641985266
2.7019953569428465,101.63819818039298,13.108064131378079
2.701994471910618,101.638358065364,13.099607881901548
2.7019949697785446,101.63852006855765,13.0946530952954
2.701994311585103,101.63868167568928,13.093848651987562
2.701993101663941,101.63884388043327,13.095622658230386
2.7019922200249904,101.6390060459174,13.097665147072561
2.701992026369829,101.63916737770842,13.099440695576282
2.7019909691651725,101.64046365429017,13.053143762079273
2.7019923111161614,101.64062641563496,13.043748536715635
2.7019912184925188,101.64078568903474,13.030473438348894
2.701990485993443,101.64094792138633,13.012398569532625
2.701990022673842,101.6411108258313,12.991431381431896
2.7019901082853615,101.64127341846059,12.971363965322265
2.7021395846754035,101.63358284930534,13.325047079994508
2.702138347331714,101.63374597429014,13.319393875435908
2.7021396609500483,101.63390776650101,13.313071860846042
2.702138611846499,101.63406930399015,13.305008343108016
2.702137494588172,101.63423212150964,13.295110418235932
2.702138458574811,101.63439350875481,13.284638026801968
2.702138844564389,101.63455494299052,13.274651698419877
2.702140085387975,101.6347154370423,13.264836796869162
2.702140170499645,101.63487959030664,13.254881617593252
2.7021390976996855,101.63503937533841,13.246665826325787
2.7021391232155487,101.63520339157661,13.240767684750562
2.702138756757357,101.63536312233987,13.236968725593423
2.702138169363039,101.63552657045102,13.233335077422824
2.7021373235115402,101.63568915287104,13.228638537879089
2.702136021159126,101.63585095225137,13.223456914113424
2.702137218542714,101.63601293757948,13.217505161140052
2.7021365076400614,101.63617228308244,13.210204220416175
2.70213739662516,101.63633617365547,13.201314393085502
2.7021383067418165,101.63649650949303,13.192203450679926
2.702138073384047,101.63665899894605,13.183909734018343
2.702139277907313,101.63682034345645,13.176897350113114
2.7021384635262358,101.63698228030134,13.170333999780311
2.702137386384988,101.63714506430537,13.164840663352258
2.70213756125753,101.63730540213251,13.159751926068012
2.7021370371534075,101.63746891315668,13.153578546494206
2.7021366968030374,101.63762977507815,13.145873402752992
2.7021378690091584,101.63779315444688,13.13680558120381
2.7021383668345234,101.63795508157165,13.127559962077758
2.7021394671264782,101.63811679627476,13.11825635298909
2.7021406001847446,101.63827777052973,13.109288431469162
2.7021417008679043,101.63844083327395,13.102748407059904
2.7021420479398306,101.6386022141442,13.100323893743685
2.702142627461013,101.63876432292105,13.101435455085069
2.70214231957737,101.63892589375092,13.103817839167874
2.70214189956182,101.63908662826802,13.105928526170473
2.702140882106454,101.63924993054279,13.107411561311414
2.7021407104605135,101.64038209489965,13.065498043842638
2.7021416304804378,101.64054432372318,13.055959825312355
2.702141776156032,101.64070726416378,13.042770996018676
2.702142643190206,101.64086816555478,13.024962329087353
2.70214390211135,101.64102894713227,13.003283920068114
2.702143917130988,101.64119059149212,12.980895535767596
2.7021432990503715,101.64135455241947,12.960034812626155
2.702277540127433,101.63350346020657,13.328785182286243
2.7022786206635834,101.63366506370312,13.32297030536464
2.702279433936605,101.63382531996272,13.317180164196907
2.7022807662876893,101.6339872551068,13.310263234540376
2.7022814519952125,101.63415118872192,13.301577812204522
2.7022813344377234,101.63431210668597,13.291807131002438
2.7022819703833285,101.63447320615953,13.281894432036724
2.7022825534127644,101.63463608664802,13.27223840264046
2.7022815719363202,101.63479651922002,13.262658132356982
2.702280598033682,101.63496031529623,13.253773993299301
2.702280555284654,101.63512178083381,13.247081528100365
2.7022811447277824,101.63528252042246,13.242536743134087
2.7022808034109747,101.63544556002965,13.238797475248381
2.702280685354905,101.63560674767496,13.234358346332538
2.7022798692303875,101.63576985914803,13.2288741687807
2.7022804411332833,101.63593182312002,13.222657988000861
2.702280664022453,101.6360920826501,13.215007855822924
2.7022802194247304,101.63625384205994,13.205733948781756
2.702280948054304,101.63641547110329,13.1957812146285
2.7022805126372687,101.63657889096442,13.186528666666607
2.702279840246011,101.63673913397231,13.179232320058015
2.702279330867426,101.63690282219154,13.17269455215892
2.7022796494124055,101.63706325630446,13.167381961145956
2.7022802225303812,101.63722655594094,13.163296031930212
2.7022804403262515,101.63738851962638,13.159234075595128
2.7022792335967534,101.637549116724,13.153817343931983
2.702279194567017,101.63771259495918,13.146452684973701
2.7022780220977594,101.6378720975468,13.138002538595133
2.7022791441507885,101.63803423725648,13.129373538011652
2.7022793297454553,101.63819706000864,13.12054765709469
2.7022791109546187,101.63835964417586,13.112955304019193
2.702280045212985,101.63852168439654,13.108612754822193
2.702279516358772,101.63868315336046,13.10784313487569
2.7022797274681496,101.63884376544584,13.109419982646282
2.7022786955457923,101.63900627183524,13.1113014150316
2.7022785788884236,101.63916917468468,13.113056519906822
2.7022775054003496,101.64030255449345,13.077297813100678
2.7022781266017164,101.64046340998105,13.067727322537126
2.7022785318826545,101.64062468144894,13.055174557306506
2.7022792543366023,101.64078664781998,13.03773939016218
2.702279370934751,101.64094930011737,13.015392300102498
2.7022785203142794,101.64110974492044,12.991019072179698
2.702277741216876,101.64127290722148,12.968161049734105
2.7024189728397197,101.6335829584362,13.326563922486063
2.7024192547648225,101.63374551188932,13.320492148615719
2.7024201146942946,101.63390673233359,13.314282819373794
2.702420130036335,101.63406932405168,13.307056222388525
2.702419059597519,101.6342302799971,13.298677170421215
2.702419897017711,101.63439312014407,13.289440620235851
2.7024189470314783,101.63455537959285,13.280146692595164
2.7024177383066452,101.63471756893613,13.270904654407788
2.702419064520265,101.63487728216998,13.262309763101165
2.7024183575744214,101.63504035916013,13.254845288053495
2.7024176127747785,101.63520210513751,13.2491744542522
2.7024188851184983,101.63536375253193,13.244659119424107
2.70241850200271,101.63552683931539,13.239815208927952
2.702419132862609,101.63568846518832,13.233946122927666
2.702419645344301,101.63584947540075,13.227340207181314
2.702420536074133,101.63601088586364,13.219408319078749
2.702421359929887,101.63617263148731,13.209984104909001
2.7024217378136752,101.63633437871742,13.1997980385071
2.702420840776866,101.63649631683765,13.190144939967253
2.702419839168344,101.63665813579215,13.182217987634
2.70241866304571,101.63682058220375,13.175846634160772
2.7024195271103983,101.63698339314408,13.170186944902365
2.702420329451505,101.63714591520004,13.166315374568352
2.7024210068460395,101.63730644116839,13.163591599903944
2.702420064125547,101.637468389104,13.160337257544185
2.702419566920774,101.63763158821,13.155304418727653
2.7024205002694095,101.63779324679561,13.1484162421066
2.7024194196174576,101.63795375890449,13.140542512894147
2.7024200514653134,101.63811625251299,13.13266001699715
2.7024206464122154,101.63827666408466,13.125315953845927
2.7024200691793863,101.63844078342571,13.119583657271082
2.7024210167891827,101.63860141184107,13.116855264807565
2.7024218487288203,101.63876415667255,13.116559105789754
2.7024213966300192,101.63892546068286,13.117315063577694
2.70242270352393,101.63908623702346,13.118236237549556
2.7024228249833353,101.63925011750237,13.118717474105203
2.702421579181968,101.64038126569659,13.079284362870895
2.702421856461272,101.6405440235084,13.067298721571792
2.702420699212445,101.64070587291688,13.050722341891824
2.7024214564541427,101.6408683566372,13.028638317583683
2.7024207956487323,101.64102917670535,13.002842141283553
2.70242128134768,101.64119234909235,12.976899897762383
2.702422316289104,101.64135254439269,12.954103300288978
2.7025582486319735,101.6335013787885,13.330610739352423
2.702557532540242,101.63366533664995,13.323784960985863
2.702557457477667,101.63382627636142,13.317480076896977
2.7025572771072084,101.63398843668733,13.311082280764229
2.702558138881095,101.6341504245863,13.30411812108613
2.7025587623756993,101.63431070551493,13.296412973239494
2.702558160076163,101.63447345726158,13.287890744201107
2.702559262838411,101.63463633005719,13.279176214875722
2.702559781697521,101.63479725202104,13.270829574481613
2.7025609936368813,101.63495907516524,13.263350173765126
2.702561010286074,101.63512233222393,13.256899302444996
2.7025614014863253,101.63528224464251,13.25132823607793
2.7025609275465095,101.63544456542829,13.24557913669135
2.702560108621157,101.63560619974471,13.239021915642665
2.7025590909069104,101.63576917964792,13.231587269059668
2.7025580828704507,101.635929764565,13.223376283637764
2.7025573016391946,101.63609321464043,13.2139341941966
2.7025570339031413,101.63625504638638,13.204083259744243
2.702558039047931,101.6373868308397,13.16541699857337
2.7025573944501615,101.63754855809198,13.162246213670379
2.7025580601361545,101.63771193852482,13.157177559204866
2.702556760651183,101.63787271700967,13.150442622178435
2.7025569721507505,101.63803524528929,13.143354642200991
2.70255610542768,101.63819816502456,13.136629745004017
2.702555363677544,101.63835837764518,13.131010056971993
2.7025565714446294,101.63852205123526,13.127060131226127
2.702557628436513,101.6386832165592,13.124908023410137
2.702557303635182,101.63884360805315,13.123882514355092
2.7025566237783734,101.63900528508964,13.123320063755958
2.7025560455545827,101.6391692433065,13.12288861028255
2.7025569447004383,101.63933079832265,13.121534335158104
2.7025569215164986,101.63949242508704,13.118839177272887
2.702558089581615,101.63965289420707,13.115327624007767
2.702558665475102,101.63981559855488,13.111027572412429
2.7025574842934263,101.63997824045468,13.105402793208713
2.7025586208573626,101.64013832781444,13.097986553158261
2.702559738121567,101.64030097911453,13.088844370374895
2.702559907416934,101.64046462155247,13.077849447242153
2.7025588897486275,101.64062526526351,13.063127266334583
2.7025590026613044,101.64078571818611,13.04287778084578
2.7025591534239255,101.64094897725802,13.016928907513707
2.7025601177005227,101.64110990667224,12.988933871290923
2.702561438575728,101.64127226981898,12.963241313834803
2.7026975659116452,101.63358371568238,13.327745138718921
2.70269765301041,101.63374600108,13.32074441488638
2.7026971416800736,101.63390768252658,13.31431397029125
2.7026979914675957,101.63406899197828,13.30816811263218
2.702697680334352,101.63422977712617,13.301764457415732
2.7026974256947054,101.63439341306311,13.294442232367297
2.7026983876993413,101.63455348293094,13.286484723733777
2.7026987062770087,101.63471765032614,13.278281056053187
2.7026981913435004,101.63487951543212,13.27090570447946
2.702696852614079,101.63504104065024,13.264300809544062
2.7026973638165597,101.63520346647461,13.258031086470307
2.702696158524352,101.6353652405375,13.25144926403674
2.702694911859281,101.63552548497978,13.244199318576962
2.7026948237572803,101.63568767430661,13.236060408179043
2.7026937105430915,101.63585015619759,13.22726087355013
2.702694948975955,101.63601143288585,13.217929452563043
2.7026945936238036,101.63617221357228,13.208668550709948
2.7026935123949536,101.63633572516866,13.200093167541127
2.7026925839800904,101.63746820991435,13.167459316266044
2.7026912684693545,101.63763103140995,13.163522236441683
2.7026918828887294,101.63779238908539,13.15806857516381
2.702692042248496,101.63795474979082,13.15163997202555
2.7026924506584145,101.63811540457237,13.145741442065352
2.7026934471234836,101.63827837505796,13.140793055603192
2.7026931592377346,101.6384385033973,13.136882119234077
2.7026929083143845,101.6386016602655,13.133716961908672
2.7026922999210052,101.63876417087464,13.131131879938266
2.7026929368411343,101.63892547245821,13.12903044393785
2.7026938666553164,101.63908793860635,13.127263673317119
2.702693742820326,101.6392481246778,13.125172866100188
2.7026927783011208,101.63941132521161,13.121962178626193
2.70269319918169,101.63957212976692,13.118389472425873
2.7026920790810984,101.63973613843037,13.114773369051417
2.7026908953230127,101.6398980337629,13.110620547398785
2.7026921792162004,101.64005768690944,13.104684385488882
2.7026918233282426,101.64022181629744,13.096152846451664
2.702691040740926,101.64038345503084,13.086333679672371
2.702691991254524,101.64054357190585,13.073923994702403
2.7026908936640446,101.64070667973255,13.056109895523694
2.702689705760095,101.64086771239842,13.03250474526832
2.702689471648341,101.64103010199855,13.004141801397868
2.7026891581381918,101.64119170041168,12.975707724486261
2.7026903166560183,101.64135345902193,12.950191219779096
2.702838839444949,101.63350347910682,13.33225984179314
2.7028400899312452,101.63366446771168,13.32483032438979
2.7028409707055947,101.63382542569539,13.317885426219048
2.702840505869822,101.63398892822269,13.311577926185326
2.7028409122177774,101.63414924174165,13.305825160008165
2.7028419768064227,101.63431099899643,13.29970089549301
2.702841709603351,101.63447333098689,13.29252503036421
2.7028426074969483,101.63463503873481,13.28468119822261
2.7028429353459216,101.63479718538083,13.277351885978948
2.702842649213287,101.63495905330618,13.270878515818588
2.702842861473814,101.63512245853644,13.264571385803162
2.702843928203932,101.63528421607451,13.257774518303814
2.7028431378172613,101.63544607446288,13.249960908170559
2.702843265156143,101.63560758711871,13.241280568169215
2.702843475756026,101.63576778483241,13.232058947154748
2.7028427996730247,101.63593075534007,13.222383157649613
2.7028434320522385,101.63609208409265,13.213389137765025
2.7028437745697165,101.63625503077,13.20577594344186
2.7028440657563824,101.63738858510163,13.172712433646613
2.7028445063315334,101.63754833087712,13.168614936931842
2.7028452744191025,101.63771049092237,13.163613920755072
2.702844379808534,101.63787370309717,13.157750295548658
2.7028446233242955,101.63803418153677,13.1520733981308
2.7028445130699614,101.63819834498004,13.147575152567473
2.7028445822539324,101.63835978231664,13.144378452496603
2.7028452732796446,101.63851978572477,13.141638739228284
2.702845036479445,101.63868145051829,13.13862295732194
2.7028445050782017,101.63884333825652,13.135304397507927
2.702845670102951,101.63900723434877,13.132088594924024
2.7028469676884517,101.63916745172334,13.129090815185007
2.7028470105714084,101.63933052266962,13.12509907939907
2.702846926377215,101.63949104528184,13.120703355213411
2.7028456165870476,101.63965504355997,13.116803563338609
2.7028457606675302,101.6398153884171,13.113471699987715
2.7028453594235837,101.63997672939821,13.10910381450871
2.7028451254616943,101.64013886510456,13.102071673140905
2.7028456077560055,101.64030006730052,13.093135754743335
2.7028446520592633,101.6404629001973,13.082577934119502
2.7028457411574456,101.64062625420186,13.06817920625345
2.702844680543232,101.64078643812522,13.048240696574322
2.702844728292575,101.64094940483216,13.02199248020517
2.702844244077872,101.64111155995887,12.992221356557046
2.702843158717432,101.64127196570392,12.96431867879845
2.7029779454878997,101.6335837313827,13.32948023174752
2.7029788031444584,101.63374586340063,13.322175664895166
2.702978044244973,101.63390628003368,13.315526986191346
2.702978758482798,101.63406891181597,13.30954931534287
2.7029785671016073,101.63423011449026,13.303856811454642
2.702978171530552,101.63439421784271,13.297387785089715
2.702977238561379,101.634554373761,13.289967873714806
2.7029779905013287,101.63471584117013,13.282428374203764
2.7029776542669968,101.63487848902753,13.275818003333391
2.702976568068198,101.63503940550973,13.269859112783855
2.702975950426782,101.6352025984997,13.263426283186273
2.7029758831492527,101.63536385700064,13.25598706463154
2.7029748766054142,101.63552505335699,13.247388750963484
2.7029761970645483,101.63568666576312,13.238016037883426
2.702975076450977,101.63585043106751,13.228071908593684
2.7029741422042,101.63601224235983,13.218847218003447
2.7029744127188535,101.63617359732775,13.211385155863214
2.7029755689638275,101.63633599193723,13.20602415405814
2.7029744785344727,101.63746983317802,13.172793741753654
2.702975137733662,101.637630990038,13.167264929050148
2.702975023739951,101.63779312203468,13.161438446173692
2.7029753676597563,101.63795350174469,13.155675704462084
2.7029749368059646,101.63811708950261,13.1508137572822
2.7029735902976144,101.63827689742483,13.147786139883237
2.7029735899330443,101.63843848987766,13.145617611865108
2.702973572431817,101.63860186296273,13.143150718551645
2.7029746543791107,101.63876446826247,13.139880010577226
2.7029742353133113,101.6389242656584,13.136120426394418
2.702973111749034,101.63908798165508,13.132366296637834
2.70297331068546,101.63924896805705,13.128244637319344
2.702972453862452,101.63941102188151,13.123221120294383
2.7029725675965834,101.63957289401064,13.118575946839405
2.702972597888849,101.63973418582164,13.115018324809201
2.702972722765433,101.63989608364955,13.111577442782988
2.7029732063669063,101.64005847408944,13.106212975718899
2.7029737867520764,101.6402203854778,13.098142170541657
2.702974333321694,101.64038255020597,13.088891952693995
2.7029745739991093,101.64054421348916,13.077491584862393
2.7029746069343648,101.64070636667684,13.061274809343969
2.7029752279616495,101.64086892179473,13.038713954135382
2.7029748236898206,101.64103071682294,13.010746560252331
2.7029751986893213,101.64119185319902,12.9808694785521
2.7029765297084367,101.64135329294727,12.953171910275755
2.703117647601777,101.63350304211258,13.333990008859928
2.7031172511790125,101.6336658253576,13.326931777988898
2.7031173383758627,101.63382616201945,13.3200826701195
2.7031161407197803,101.63398689021369,13.313757692643609
2.7031149731152153,101.63415129245779,13.307796143425263
2.70311395816575,101.63431294869045,13.301765305289058
2.7031149385729716,101.63447334172993,13.294856532752311
2.703116260896438,101.6346344774811,13.28714863587929
2.703115413080754,101.63479726159615,13.280046464182556
2.7031147307897516,101.63496033977736,13.274037445985666
2.703115598023558,101.635122124502,13.268293202462935
2.7031155884543905,101.63528247440509,13.26177949031233
2.703114494367111,101.63544520251916,13.25383880776901
2.7031133455453293,101.63560759060185,13.24478278155798
2.70311405780427,101.63576887301338,13.235142831425582
2.703115133930449,101.63592971385687,13.225720625406877
2.7031143579086296,101.63609249690334,13.217712664659874
2.7031135930428145,101.63625521696996,13.2120344033437
2.7031146283849457,101.63738632844121,13.177662810975571
2.703114167070659,101.63754865362777,13.17082991082662
2.703114481630894,101.63771071984537,13.164231994563275
2.7031149002126478,101.63787320850942,13.158062195160534
2.7031149542889414,101.63803423540682,13.152584307053683
2.7031147037056127,101.63819767919594,13.148871721212732
2.703114581061406,101.63835894068107,13.146910510762014
2.703115815419831,101.63851988560023,13.145287837176948
2.7031158166553912,101.63868239718899,13.142820169144638
2.7031150705923714,101.6388444530277,13.139247305901192
2.7031149395633314,101.63900556568571,13.135175371979459
2.703115161863369,101.63916947749927,13.130947669810645
2.703114765285211,101.63932978326044,13.125871805570505
2.703114575964951,101.63949099636888,13.120539865336026
2.703114598075483,101.6396547567153,13.11620305589778
2.703115468274701,101.63981506654603,13.112943646438593
2.7031153248311286,101.63997890388575,13.108880602862206
2.7031159308792545,101.64013936604321,13.102299795058215
2.703116553931177,101.64030213892487,13.093741045823837
2.7031170311148864,101.64046343585157,13.084280241902187
2.703118194882975,101.64062412003562,13.071727622999077
2.703117222359071,101.64078724050307,13.053286384492637
2.7031163525102353,101.64094777361633,13.02882754540605
2.703115045889867,101.64111143657735,12.999082785829778
2.7031145089871784,101.6412723543069,12.969705106151048
2.703259172642277,101.63358476900918,13.331392882279733
2.7032601141005292,101.63374668065927,13.324706348126208
2.703259665182621,101.63390620937724,13.318192808977813
2.703259810920802,101.63406890264498,13.311955540007819
2.7032610622925706,101.63423079519643,13.305918595938206
2.7032606219903412,101.63439282691701,13.299348380373456
2.703261506841618,101.63455436246456,13.291844351531827
2.7032619272641467,101.63471706942003,13.284238186800142
2.7032624673877437,101.6348791361961,13.277946880467498
2.7032628016906632,101.63504121852775,13.272574412404584
2.703262654498873,101.63520310983826,13.266953025970174
2.703262156498186,101.63536300627995,13.260229002968122
2.7032609575706794,101.63552603777832,13.251936806430532
2.7032610301783317,101.63568743092974,13.242717218482069
2.703261018328664,101.63584971195417,13.233101033458105
2.7032604098143795,101.63601059628225,13.224639426919921
2.703260721400305,101.63617482411685,13.218312886940115
2.70326164440531,101.63633672851356,13.214407866511902
2.703260491872067,101.63746968579346,13.174441027476394
2.7032614154434405,101.63762945007194,13.166451229408974
2.703261001034298,101.6377921359383,13.159351352373704
2.7032601681592077,101.63795470292006,13.153299752509932
2.703261384774287,101.63811661769843,13.148569654974624
2.7032627193980883,101.63827786218954,13.146121707956542
2.703261397619346,101.63844041700641,13.144995116519661
2.703261341464461,101.63860244467405,13.143554804562477
2.703262269104896,101.63876251938959,13.140867994428966
2.7032632795093368,101.63892439410856,13.136934323137005
2.7032634013813803,101.63908812658615,13.13252006354732
2.7032634867885297,101.63924823048565,13.127662319085033
2.703264091905133,101.6394099012859,13.12198578030374
2.7032628818315945,101.63957350486042,13.116847060421964
2.7032629955653755,101.63973501957094,13.113099431248717
2.7032641386788083,101.63989542773564,13.10973204105072
2.7032633850707057,101.64005963766184,13.10454767031928
2.7032622018233243,101.64022161452897,13.096811029420682
2.7032630425496444,101.64038251655879,13.088238972011881
2.7032629453363355,101.64054447362949,13.078036908496633
2.7032632700720254,101.64070597634952,13.063604419172032
2.703263298121357,101.64086843285799,13.042900563917012
2.7032641028752153,101.64102884423974,13.016619277562448
2.7032633051889277,101.64119300234947,12.986370099973776
2.7032626313465027,101.64135371147314,12.95808106065249
2.7033979362060925,101.63350302217265,13.335174040759552
2.7033978045564218,101.63366372136811,13.329294665062767
2.70339899321934,101.6338271230998,13.322781888287512
2.703398251525577,101.6339884453785,13.316261072486821
2.7033973232376107,101.6341488642666,13.309940988254056
2.7033968127361607,101.63431328752965,13.303384154087261
2.7033958648766863,101.63447494757776,13.296336559922452
2.7033956275001665,101.63463549622107,13.288765887635849
2.7033957644449504,101.63479816899867,13.281980984965585
2.7033955593011703,101.63495837984442,13.276725618280256
2.7033959836725785,101.63512253054773,13.27179831282075
2.7033947334591213,101.63528260172119,13.266143258340298
2.7033950845861923,101.63544529789516,13.2589035205263
2.7033943799450446,101.63560822784935,13.250221868369756
2.7033930444195167,101.63576843258241,13.24087640474756
2.703392938509264,101.63593010760376,13.231889289645089
2.7033937093518894,101.63609185100209,13.224835829648988
2.703394916719178,101.63625470634692,13.22025388822932
2.7033960220159994,101.63738766311694,13.178813291314254
2.7033956501679675,101.63754862778728,13.168711914320756
2.7033951038181434,101.63771273073422,13.159820641164245
2.703395710871595,101.63787421172528,13.152945890540316
2.703395030757891,101.63803421635905,13.147402536303009
2.703395228806584,101.63819691531674,13.143803240151763
2.7033961408718445,101.6383587459617,13.142347297774911
2.703395037336749,101.63852076302086,13.14166451140274
2.7033952028587405,101.63868305729422,13.1401678846145
2.7033964397526886,101.63884332134498,13.13722706707055
2.7033952305582223,101.63900545833714,13.133175110557438
2.703394119421592,101.63916939692962,13.12870098917909
2.703394044579846,101.6393288372471,13.123566998335086
2.703393817972583,101.6394906766496,13.118247821653839
2.7033948493682236,101.63965513697107,13.113829367494297
2.70339415760032,101.63981540495483,13.110349588167338
2.703395218938653,101.63997864370418,13.106010987998898
2.7033951000062864,101.64014077369482,13.099233794798321
2.7033945443764513,101.64030270912104,13.09071374337086
2.703395482761878,101.64046360332259,13.081390070579499
2.703395197445912,101.64062520817473,13.069312858146457
2.703395336167237,101.6407865412115,13.052240296388165
2.7033945463634197,101.64094881309441,13.029219084048485
2.703395023617556,101.6411108193813,13.00155552375697
2.7033942655597194,101.64127293013318,12.97303296179399
2.7035390745632077,101.6335847644229,13.333262800073715
2.703540152853605,101.63374472166424,13.327705829638857
2.7035409035583036,101.63390811287796,13.321203057357044
2.70354116789319,101.63406992856443,13.314457048191084
2.7035419456219962,101.6342323740858,13.3077076999332
2.703542143881475,101.6343932632089,13.300955535321279
2.7035409810410576,101.63455490249522,13.29380983047301
2.7035418332886003,101.63471733634935,13.28678945844359
2.703541355127936,101.63487976503455,13.281288314491661
2.7035402788745104,101.63503983404316,13.276893975292815
2.703541525371499,101.6352030627304,13.272111143927606
2.703541994591158,101.63536422482886,13.265948559366198
2.703542218196083,101.6355248521245,13.258188499739745
2.703543194332528,101.63568710142766,13.249246868516028
2.703544118838424,101.63584914453017,13.240018742046686
2.703542927486112,101.6360109857799,13.232024367964998
2.7035435440322724,101.63617237720393,13.226438408734634
2.703543547595564,101.63633616874188,13.222986873689042
2.703543917319082,101.63746804956625,13.17186089653752
2.703544809640732,101.63762915607022,13.160740152911549
2.703545170918366,101.63779171058677,13.152077697710183
2.7035448465763716,101.63795503267178,13.145689970034134
2.70354385137454,101.63811598472923,13.1407905732612
2.7035434911504748,101.63827692059749,13.138079059872464
2.703543715764935,101.63843947741927,13.137016187796888
2.703543429010187,101.6386027694904,13.13631987893868
2.703544068030878,101.63876302913205,13.134758960739271
2.7035429594315143,101.63892612822902,13.131897547236072
2.7035424409367295,101.63908686803941,13.128252141290774
2.7035420013603555,101.63924849628181,13.12421614470995
2.703541443151589,101.63941017453443,13.119699006347572
2.7035424663895817,101.63957406680035,13.115289593116282
2.7035414967731035,101.63973529042536,13.111357365265036
2.7035404150042646,101.63989688312822,13.107007568125798
2.703541275698848,101.64005760008348,13.10086212865421
2.70354007631232,101.6402210112951,13.092344417872372
2.703540908827245,101.64038269105136,13.082657911183995
2.703540417737447,101.64054344596855,13.07116577821363
2.703539204692735,101.64070592673956,13.055926352322118
2.7035402015503633,101.64086866949447,13.03576720307635
2.703538859521469,101.64102998012599,13.011547213120325
2.7035396825644287,101.64119270775011,12.984745610368615
2.703538479807315,101.64135290103876,12.959555319830569
2.7036785357385655,101.63350278111221,13.336237759365536
2.7036785403760843,101.63366446391422,13.332071930674529
2.703679444678492,101.63382636359827,13.326438864157717
2.7036805783849953,101.63398848909074,13.319742197595788
2.7036800196596094,101.6341491979164,13.31271287812748
2.7036812433517543,101.63431215927189,13.305741263224547
2.703680829614456,101.63447261164325,13.29906469491685
2.7036804919086976,101.63463633970596,13.292200592762649
2.703681079054586,101.63479871919101,13.286365688247296
2.7036806050144984,101.63496076499037,13.281903296545678
2.7036798986839656,101.6351201977501,13.27764260898056
2.703680899755531,101.63528441830405,13.27207460005718
2.7036803376007943,101.6354450039124,13.264905897163173
2.7036795617560543,101.63560705295296,13.256381201819856
2.703679644858649,101.63576785794513,13.247275096271192
2.7036807815007857,101.63592974062344,13.23851990991864
2.7036794449025963,101.63609321979801,13.231503474184192
2.7036798690192114,101.63625364157933,13.226941506676582
2.7036799596353327,101.63738870248756,13.176305322880863
2.7036798235682427,101.63755070837804,13.163466145580042
2.703680688871056,101.63771119898864,13.15300620028045
2.703680664651829,101.63787374373346,13.145483893455292
2.703681048559086,101.63803551108343,13.139621227343396
2.703681668118989,101.63819629660678,13.135147587908948
2.70368133898249,101.63835896331383,13.132466585589677
2.7036804748180754,101.63852050456289,13.131156696072248
2.7036809547933243,101.63868232957802,13.13013913508938
2.7036819004441495,101.6388458056597,13.128497289079759
2.7036823990579526,101.63900643944054,13.125979466798913
2.7036832497979706,101.63916932994478,13.123063244685135
2.703682971220855,101.63932888969107,13.119953114525575
2.70368408584871,101.63949120350144,13.116373354361743
2.7036848599652594,101.63965344403896,13.11236490710986
2.703683638357757,101.63981596568532,13.107550435172426
2.7036831355574096,101.63997743568935,13.101257161867538
2.703684275862504,101.64013951752699,13.0928631708866
2.7036845211506595,101.64030086001993,13.08287616064518
2.7036838201800624,101.64046440083683,13.070765510468565
2.7036838797828167,101.64062630124755,13.055726649589428
2.703683431229222,101.64078755093576,13.037285806877975
2.703682748035882,101.64094830608452,13.015734038460586
2.7036818756737855,101.64111131329771,12.991784007141826
2.7036825664961888,101.64127189377568,12.968746007996497
2.703817784208146,101.63358364155211,13.335209459503972
2.7038166778978026,101.63374423020768,13.331011874544464
2.7038172236809515,101.63390728542555,13.324987801399136
2.703816886519707,101.6340682296659,13.31795986952064
2.7038161681439967,101.63423064420866,13.310695188468902
2.7038174017591055,101.63439200836409,13.303966151118992
2.703817269919632,101.6345547278165,13.297601468049074
2.703817860357856,101.63471643813709,13.291564587132497
2.7038181796447587,101.6348797345759,13.286714938481158
2.7038171344266666,101.63504150210727,13.282379906845696
2.7038184267271403,101.63520189098419,13.27720600755257
2.703819415144496,101.63536316542543,13.270322052528073
2.7038190825281108,101.63552586023981,13.261958262908621
2.703817926620789,101.63568781811973,13.252979037621419
2.703818155465802,101.63585039958016,13.243718364362948
2.703817306763389,101.63601204024599,13.235526407106338
2.703817882710281,101.63617443200476,13.229331687254444
2.7038172990498235,101.63633659313965,13.225109498090514
2.703817574537638,101.63746946380002,13.167465628081915
2.703818733147338,101.63763172875409,13.155692927730835
2.7038181529996472,101.63779099851781,13.146923794820209
2.703819005356332,101.63795417409892,13.140364134340015
2.7038191126241298,101.63811621223962,13.134613400269245
2.703817851367921,101.63827883576633,13.129837427472657
2.7038173342610623,101.63843967881901,13.12651898613732
2.7038179660083164,101.63860067348648,13.124491400408978
2.7038182562750914,101.63876257159349,13.123180186154482
2.703817974810573,101.63892507842917,13.121761029182421
2.703819119054475,101.63908807131905,13.119833566528483
2.703820259696821,101.63924876239679,13.117892324608826
2.7038205345573862,101.63941038180246,13.115537505444495
2.7038203532046032,101.63957418241932,13.11208547258612
2.7038208426256887,101.63973604564335,13.107095418597117
2.703819900265322,101.63989721570942,13.100396805792975
2.7038205832238638,101.6400580168358,13.091931687693576
2.703819986704017,101.64021973260046,13.081996719228135
2.7038196154178085,101.6403821252128,13.069967016012914
2.703818845471793,101.64054389605487,13.054893597760906
2.7038185581843965,101.64070478737708,13.03685445260976
2.703818342904794,101.64086664849108,13.01646311149437
2.7038195419515008,101.64103026253616,12.994558041432558
2.7038199060307213,101.641191719411,12.973818816641536
2.7038201850903874,101.64135399164697,12.95412155428159
2.7039598085351058,101.6335037239288,13.336795246116404
2.7039587225932626,101.63366333106849,13.33415228667447
2.7039591569413326,101.63382514684172,13.329399822622106
2.703959077484108,101.63398895036666,13.322790429614408
2.7039586308446832,101.63414933457612,13.315527170120642
2.7039595605686717,101.63431154105444,13.308447571235433
2.703959551528897,101.63447272687107,13.302203947366706
2.7039601606947867,101.63463557876058,13.296263526551312
2.7039612787381637,101.63479863689085,13.29097591133943
2.7039604534400867,101.63495913047916,13.286386324241713
2.7039611206984078,101.6351222858573,13.281061871181334
2.703962091201558,101.63528330876059,13.274164878783346
2.703962280559587,101.63544633666223,13.265636082634582
2.7039633205051996,101.63560807320336,13.256544771521005
2.703964386875375,101.63576773939839,13.24733790726492
2.703964833804191,101.63593044504341,13.238124726676624
2.7039654381424616,101.63609352988642,13.230296417073895
2.703965237378168,101.6362553130611,13.22451178068156
2.7039658830255533,101.6373875408719,13.170772768905714
2.70396575738775,101.63755052816866,13.159147038426477
2.7039659130672535,101.63771123662745,13.149551692573423
2.7039657506293704,101.63787234946236,13.142271104025374
2.703965657458617,101.63803499807106,13.13603088392466
2.7039669105816566,101.63819667856542,13.129717902256402
2.703966375035248,101.6383591122633,13.123863982121287
2.703965972749666,101.63851971644077,13.119482639214846
2.703967142735819,101.63868376331752,13.116743713171696
2.7039660720040786,101.63884551591374,13.115396691307105
2.703966874338718,101.63900627280053,13.114257011895003
2.703967951711264,101.63916722607775,13.113083224619263
2.7039692916297704,101.6393304105604,13.111710920294476
2.7039698281710813,101.63949149492595,13.109188606741755
2.7039698136366805,101.63965276390653,13.104548440920205
2.703970725679315,101.63981659752706,13.097344468610515
2.703970760784825,101.63997654944241,13.088486563326438
2.703971399487668,101.64013859147538,13.078376708842912
2.703972082021732,101.64030194551802,13.066783263079454
2.7039720578482402,101.64046454036105,13.052009024650568
2.703972972094582,101.64062406070991,13.034207507942845
2.7039725581208534,101.64078632103812,13.01432053740151
2.703971728671038,101.64094867608662,12.994159917585113
2.703972112734916,101.64111078951797,12.975466028999938
2.703971155891057,101.6412737526897,12.958131550026536
2.704099389613648,101.63358484234614,13.335700966312325
2.704099745368384,101.6337465170136,13.332211937234892
2.704100913128529,101.63390704212652,13.32661565377463
2.7041011217652864,101.63406865023714,13.319558237746048
2.704099804520551,101.63423234258958,13.312133056706186
2.704099152762221,101.63439406906345,13.30550769730191
2.704098765628487,101.63455564159341,13.2996894522503
2.7040979555495777,101.63471573461057,13.294150683393346
2.7040986084417296,101.6348794623085,13.289077651579998
2.7040994441631976,101.63504134897867,13.283699320519068
2.7040993294408135,101.63520295029011,13.276815889036419
2.704099491366492,101.63536433153409,13.268220071723455
2.7041000335911427,101.63552571625776,13.258765468047061
2.704100745825658,101.63568711275663,13.24934711621339
2.704101492901414,101.63585074332258,13.239606369161946
2.704100746698262,101.63601223354408,13.230713049901627
2.7040994000355423,101.63617414736558,13.223494399939847
2.7040981292263475,101.63633593786103,13.218055704700625
2.7040976920166857,101.63746765697537,13.162135283717273
2.70409856545837,101.63762999402837,13.152469805995645
2.7040993050648865,101.63779173007876,13.144536949388769
2.7040998817590327,101.63795298728922,13.138022664484753
2.7040990410224244,101.63811685033504,13.131306458344854
2.7040994873492763,101.63827795288186,13.12407714092765
2.7040984512606276,101.63844042846313,13.117378040457458
2.704098250483795,101.63860142936922,13.112527133613668
2.7040981495833867,101.63876350419676,13.109797015696815
2.7040992524332514,101.6389241269553,13.108444864901209
2.704098114751088,101.63908604846647,13.1075664435381
2.704097989378928,101.63924965957249,13.106632253462216
2.70409914166445,101.6394121513943,13.10473940928922
2.7040997135291893,101.6395729902362,13.100727460846404
2.704098594476426,101.63973610104175,13.093968099856117
2.704098826686891,101.63989643346322,13.084980205070682
2.7040995472210683,101.64005941562202,13.074669336096457
2.704098261235763,101.64022106174914,13.0640057883954
2.7040970542532063,101.64038333050223,13.050892626245448
2.704096886397034,101.64054452493419,13.034249754738644
2.704095621504333,101.64070692035843,13.015222319929387
2.7040945235262255,101.64086794075342,12.995915572914713
2.7040958315933916,101.64103098950169,12.977907745693894
2.704096565533053,101.6411905679589,12.962039560764216
2.704096861574845,101.64135367292766,12.946584813092553
2.704239032258646,101.63350311137822,13.336312933328134
2.7042400288195796,101.63366479829423,13.333863437811527
2.7042405896768593,101.6338258552993,13.32923715135801
