Map,Cluster,Algorithm,Run,Distance,Elevation,Turning
Map1,1,NSGAII,1,1948.352092387333,0.510921575623188,96.20146153773395
Map1,2,NSGAII,1,1897.87765525085,0.2926205431196873,75.49809103888622
Map1,3,NSGAII,1,2121.556944458069,0.43146978358275945,76.1816598317987
Map1,4,NSGAII,1,2473.741383861527,0.6788997550154043,107.0840391612601
Map1,5,NSGAII,1,1952.4201209378582,0.4708064721645062,77.95899427002497
Map1,6,NSGAII,1,2480.0675428498953,0.4274772688798265,97.56728630117519
Map1,7,NSGAII,1,1848.1887108440797,0.3066920420983461,63.59206254573091
Map1,8,NSGAII,1,1489.4907524664447,0.40357849774658483,79.39279338747072
Map1,9,NSGAII,1,1897.1158203950522,1.0786579131975547,91.0564493417359
Map1,10,NSGAII,1,1507.2573462865073,0.7906718044099179,79.57317339297852
Map1,11,NSGAII,1,2461.520088927411,0.41875688611944994,88.78706821785477
Map1,12,NSGAII,1,2430.916065735819,0.45484583268691203,96.34942739937229
Map1,13,NSGAII,1,2846.133829177594,0.7267652401212281,91.33623617895331
Map1,14,NSGAII,1,2188.718340652386,0.37455974087746213,88.0024552339745
Map1,15,NSGAII,1,2616.6957823340886,0.5551125240755237,83.70712659208074
Map1,1,GA,1,1903.065725511802,0.6269952243045385,60.400963046136226
Map1,2,GA,1,1957.0717147795126,0.4930596887470191,55.87090700171242
Map1,3,GA,1,2180.805137673516,0.5470565110594059,69.16537901592756
Map1,4,GA,1,2374.23885298891,0.6975974457760614,70.45534807588719
Map1,5,GA,1,1859.0850763510741,0.5482892966509727,53.610158227948055
Map1,6,GA,1,2145.564041767589,0.5957287438720087,69.28205783781904
Map1,7,GA,1,1739.1054473231868,0.441129339508775,54.364435979921936
Map1,8,GA,1,1555.7123127364475,0.6460029899799249,49.84256632745849
Map1,9,GA,1,2118.4946478116362,1.4339873405890575,59.84347685545378
Map1,10,GA,1,1731.3483069880353,1.1951233199677134,54.81337503063656
Map1,11,GA,1,2296.6359705103678,0.41819971203890205,61.081008553674955
Map1,12,GA,1,2148.8030663428062,0.5029448488125663,64.20093258746901
Map1,13,GA,1,2671.1626095034326,0.777951010306996,73.00905771008468
Map1,14,GA,1,2062.1831454174,0.4532993276682262,59.22385334357192
Map1,15,GA,1,2552.81209811586,0.8150517615724642,74.50470878260614
Map1,1,ACO,1,1465.7362015666465,0.4404226852871549,96.0548811723776
Map1,2,ACO,1,1369.7210278929394,0.3343331195849206,102.32763517155345
Map1,3,ACO,1,1462.845063433849,0.4036335512138578,118.1838076291685
Map1,4,ACO,1,1487.52781928109,0.46323735954396383,124.59502662372107
Map1,5,ACO,1,1368.1464755173572,0.3364347603585909,93.23981599154396
Map1,6,ACO,1,1520.5593651709014,0.34904702409612653,120.10216518949693
Map1,7,ACO,1,1174.8875086376136,0.2735240145030122,94.85812719881962
Map1,8,ACO,1,1088.9163263636765,0.5058836675389191,92.15607140928996
Map1,9,ACO,1,1381.5072982503416,0.9721905891966518,102.0294894521716
Map1,10,ACO,1,1077.138756316379,0.6561991381038794,85.34822339540952
Map1,11,ACO,1,1499.372743443387,0.30106991714556486,111.29762624838071
Map1,12,ACO,1,1464.0060720917286,0.36961821379782656,113.034169488104
Map1,13,ACO,1,1601.78919160349,0.4774810730536245,131.87112095113025
Map1,14,ACO,1,1358.9633173243951,0.32815608590983203,112.97283677455879
Map1,15,ACO,1,1638.6599723636168,0.46113622161976586,124.92528397896187
Map1,1,NSGAII,2,2104.514190231105,0.479589244912086,94.55631625207276
Map1,2,NSGAII,2,2126.860694636008,0.3105493039344598,83.95766372632599
Map1,3,NSGAII,2,2337.8319320205073,0.4702115610646125,75.15789884247465
Map1,4,NSGAII,2,2599.623739890517,0.5661853762006039,88.855265987305
Map1,5,NSGAII,2,1914.9478258416295,0.3726669764715016,69.20952014391874
Map1,6,NSGAII,2,2219.3806394495496,0.32799633076889734,88.04283209373413
Map1,7,NSGAII,2,1948.7558157320461,0.42247732022581097,71.82520616453075
Map1,8,NSGAII,2,1406.2183783198082,0.3817771711326845,82.80389911750154
Map1,9,NSGAII,2,2186.40850527984,1.2468044124500484,72.96284907789318
Map1,10,NSGAII,2,1462.245734640674,0.6218343725617714,73.04832676095982
Map1,11,NSGAII,2,2476.4219006422686,0.41455672522952014,92.4716270908875
Map1,12,NSGAII,2,2203.074603782315,0.44409305446202474,101.01391106704915
Map1,13,NSGAII,2,2610.0790806831133,0.5824115731762092,92.338162421187
Map1,14,NSGAII,2,2064.7738064255796,0.3295487713911385,83.38526085980011
Map1,15,NSGAII,2,2470.807173617772,0.5729961750120562,89.98239290389598
Map1,1,NSGAII,3,1862.0988460851654,0.38700377564215493,91.33657403751826
Map1,2,NSGAII,3,2168.418125957376,0.3483383354631133,75.6870808276937
Map1,3,NSGAII,3,2357.0661197969484,0.4412855133881415,91.17851315150025
Map1,4,NSGAII,3,2525.723849171323,0.6912265324337383,84.70787698752765
Map1,5,NSGAII,3,2082.0786538882303,0.4636559220586154,83.74612192081018
Map1,6,NSGAII,3,2409.245320911421,0.4069621733682496,90.13683606872411
Map1,7,NSGAII,3,1631.2036119127174,0.3118410587818037,95.98126088155121
Map1,8,NSGAII,3,1663.5659673950838,0.6233315189965669,72.31979612871721
Map1,9,NSGAII,3,2373.038275188918,1.338062408921319,87.06177265701403
Map1,10,NSGAII,3,1512.8248943484823,0.746786734421395,77.34581723999771
Map1,11,NSGAII,3,2609.797886338734,0.3957213425232595,79.51216166027082
Map1,12,NSGAII,3,2147.8476272318976,0.4327083270599541,96.09378549282731
Map1,13,NSGAII,3,2984.565312171061,0.5702215400425494,83.5596337255283
Map1,14,NSGAII,3,2050.8226633478052,0.3740201128971812,77.97938468567665
Map1,15,NSGAII,3,2645.6539866241046,0.5163375291437493,79.18984273743214
Map1,1,NSGAII,4,1708.0255992604036,0.3579617452014343,95.07151236698735
Map1,2,NSGAII,4,2193.268290698638,0.42476930288331793,98.84897527664133
Map1,3,NSGAII,4,2213.3712669620722,0.43120360568226346,94.33908810853583
Map1,4,NSGAII,4,2332.7434925615776,0.5552642897296316,97.48235191842748
Map1,5,NSGAII,4,2165.419136543992,0.4198970203148331,86.38508840803553
Map1,6,NSGAII,4,2427.987023062924,0.4361150395234006,84.77683354425061
Map1,7,NSGAII,4,1699.2018533522448,0.2705096123232895,74.2875897532632
Map1,8,NSGAII,4,1535.7907700086787,0.48634165224785697,69.4759178492447
Map1,9,NSGAII,4,2223.5280399748763,1.1367162992270412,88.2487695076372
Map1,10,NSGAII,4,1512.5876775543795,0.7149199611409678,64.54553767402939
Map1,11,NSGAII,4,2476.5447600103357,0.36136736084774057,93.06820430935925
Map1,12,NSGAII,4,2096.2808390555074,0.378672340581657,90.9606562223112
Map1,13,NSGAII,4,2631.6848657519467,0.5823175531609373,119.26145711722145
Map1,14,NSGAII,4,2022.955215909489,0.3070277513995521,94.41554416792053
Map1,15,NSGAII,4,2432.796616462293,0.582377245085242,104.2078310639855
Map1,1,NSGAII,5,1918.902787650234,0.3811781233790743,83.39718899789871
Map1,2,NSGAII,5,1822.5601843970612,0.28703345769088706,71.59848770616124
Map1,3,NSGAII,5,2168.907119364269,0.47494966415982987,93.75891660429413
Map1,4,NSGAII,5,2774.3494515096977,0.7077342135578704,84.93983793790491
Map1,5,NSGAII,5,2020.354453281857,0.33488127626986675,76.8784025623769
Map1,6,NSGAII,5,2429.921524261819,0.352783753617647,92.28803497402008
Map1,7,NSGAII,5,1715.6479706759994,0.3070754731189549,81.9229613427139
Map1,8,NSGAII,5,1363.4583668885832,0.43865067389344325,93.49884533266417
Map1,9,NSGAII,5,1845.337887798434,0.8967698626257015,105.10842956017733
Map1,10,NSGAII,5,1444.719619147203,0.9369654400064036,78.02940020768487
Map1,11,NSGAII,5,2597.4269447712527,0.375985539048866,93.39579934878914
Map1,12,NSGAII,5,2395.5644803190994,0.5201162498983525,86.27682468278125
Map1,13,NSGAII,5,2798.1603908650445,0.5651806289074592,98.09288249522756
Map1,14,NSGAII,5,2039.2925587308437,0.3663971014432086,81.66045238116871
Map1,15,NSGAII,5,2573.3225140415816,0.6345816471035253,94.26662422580993
Map1,1,NSGAII,6,2060.1348361985924,0.43494896113684867,82.51170945656678
Map1,2,NSGAII,6,2012.677439591786,0.3259528809060601,92.83144000362832
Map1,3,NSGAII,6,2202.3534193609153,0.4649768575951434,96.63066103406909
Map1,4,NSGAII,6,2302.837965990403,0.6443180696014323,90.07064959767034
Map1,5,NSGAII,6,1634.6262161415532,0.30295210971507025,77.82583831480692
Map1,6,NSGAII,6,2454.397388180031,0.4576228636007116,90.4179522602046
Map1,7,NSGAII,6,1724.6988136040572,0.3168517377793467,83.23693737454767
Map1,8,NSGAII,6,1638.6329270608,0.533203975143282,88.89579763639816
Map1,9,NSGAII,6,2048.743693523567,1.2365913652746112,78.19680820432109
Map1,10,NSGAII,6,1337.1785820050031,0.6700105987873073,80.58276401665218
Map1,11,NSGAII,6,2536.3106642235653,0.33156934953031936,104.23557994208134
Map1,12,NSGAII,6,2454.717248548744,0.4552155570524956,84.98757127158964
Map1,13,NSGAII,6,2792.859086227756,0.6403605708791424,101.9246793839773
Map1,14,NSGAII,6,2015.9714128880003,0.30883241405335227,92.10968671058428
Map1,15,NSGAII,6,2468.5927345009013,0.669347352654901,96.76927141323856
Map1,1,NSGAII,7,1838.9156861825652,0.426676143439769,79.37252213833224
Map1,2,NSGAII,7,2011.0084804916387,0.4034864863540637,82.12091890515686
Map1,3,NSGAII,7,2179.5873900616602,0.4679853427235656,99.22013519314021
Map1,4,NSGAII,7,2375.6805113264368,0.48395656241433826,95.8660096648905
Map1,5,NSGAII,7,1963.633870411177,0.43947569221347216,82.18165442402936
Map1,6,NSGAII,7,2419.43719449929,0.4259378192192038,80.54152008482544
Map1,7,NSGAII,7,1576.573328099882,0.3362435598625151,74.76297718810741
Map1,8,NSGAII,7,1515.6301769925071,0.5777673281527083,72.994291715412
Map1,9,NSGAII,7,2116.578393253017,1.0862651088287638,70.34536711473329
Map1,10,NSGAII,7,1421.3941845408146,0.7140578868316183,81.07147728514312
Map1,11,NSGAII,7,2468.8030280855583,0.3575630352539285,80.0029243091541
Map1,12,NSGAII,7,2570.043186338143,0.5536057509460068,90.09901805893873
Map1,13,NSGAII,7,2614.46971222148,0.534049503614245,80.13193222171066
Map1,14,NSGAII,7,2271.332917183743,0.41309919333182066,91.7050068826016
Map1,15,NSGAII,7,2594.484873425318,0.5732750049083162,89.59886874830505
Map1,1,NSGAII,8,2235.1340415863338,0.5547151590176664,72.83720200781661
Map1,2,NSGAII,8,2289.603918339206,0.4716036315093515,74.42800915575268
Map1,3,NSGAII,8,2079.5189616714188,0.4379141342603141,92.00247025731004
Map1,4,NSGAII,8,2328.3044769151893,0.5241215436023765,91.46815575040361
Map1,5,NSGAII,8,1974.5634264396656,0.3774718912953485,76.57303394693668
Map1,6,NSGAII,8,2312.130492077991,0.4062036159905844,94.52172480106239
Map1,7,NSGAII,8,1740.7178560631078,0.36639909507537105,85.66170730341244
Map1,8,NSGAII,8,1493.493748571297,0.5191242082104548,81.3894843949077
Map1,9,NSGAII,8,2075.0257841200087,0.9419028540946623,68.72637690845079
Map1,10,NSGAII,8,1343.5805549242161,0.705640707229378,80.47902621735079
Map1,11,NSGAII,8,2340.2265004021015,0.3626974092440953,106.5581253412613
Map1,12,NSGAII,8,2224.6532755880075,0.38171112137562524,83.88621161790384
Map1,13,NSGAII,8,2765.923714478384,0.582126769714133,94.27588403375923
Map1,14,NSGAII,8,2235.6863906501085,0.2722706004248323,66.12395372741082
Map1,15,NSGAII,8,2468.006446653644,0.5633954146514686,103.81024414280458
Map1,1,NSGAII,9,1849.0938447369035,0.3965717433166329,85.89108300917916
Map1,2,NSGAII,9,2190.648749725756,0.39707851808510064,69.44556369166818
Map1,3,NSGAII,9,2295.6853893269167,0.55422393568346,104.82671227363706
Map1,4,NSGAII,9,2396.603337772327,0.5460695509461821,97.51072357779633
Map1,5,NSGAII,9,1932.3768688417385,0.4067006591979254,78.3695915946355
Map1,6,NSGAII,9,2552.5883340138553,0.4331237722564616,84.77934064979404
Map1,7,NSGAII,9,1805.447859739675,0.36282656306242167,83.817869328905
Map1,8,NSGAII,9,1501.6824954162585,0.3939792520630032,81.42465438568844
Map1,9,NSGAII,9,2105.1393635505256,0.9733397403484663,85.42659207926944
Map1,10,NSGAII,9,1328.2075558467436,0.6778358373031992,80.5774521947708
Map1,11,NSGAII,9,2273.679828775326,0.3037273325692169,101.70296546459579
Map1,12,NSGAII,9,2170.9358434445467,0.353067179569889,81.67799650292594
Map1,13,NSGAII,9,2623.8333708792447,0.5295559628989679,97.44140260261169
Map1,14,NSGAII,9,2091.081410235562,0.32217033130504547,102.0127735245515
Map1,15,NSGAII,9,2458.0239609230202,0.5845742091985411,92.58325842783951
Map1,1,NSGAII,10,1785.5142437320005,0.3463298810625606,87.84450040277471
Map1,2,NSGAII,10,2259.7764242505937,0.4197503744360471,78.10915492330491
Map1,3,NSGAII,10,2302.307101379834,0.426436380289271,94.47448149311874
Map1,4,NSGAII,10,2687.6677655836224,0.6877558759299838,79.71950074536853
Map1,5,NSGAII,10,2105.4709926227006,0.5646979717080942,89.50267897124115
Map1,6,NSGAII,10,2145.855288284641,0.34371615159706437,80.10245234176789
Map1,7,NSGAII,10,1709.205010790223,0.2669602754306002,74.88658415855647
Map1,8,NSGAII,10,1423.421618777317,0.5102099434108087,85.24188856110054
Map1,9,NSGAII,10,1986.646020866003,1.060551118313052,95.0772822051632
Map1,10,NSGAII,10,1410.559474949661,0.7671917231916368,84.89276877838117
Map1,11,NSGAII,10,2430.53539852368,0.4783018061215252,78.09336473060509
Map1,12,NSGAII,10,2480.8820495168316,0.46775014622928346,78.69953408331595
Map1,13,NSGAII,10,2767.8314825322177,0.5424766698209673,112.92145260886875
Map1,14,NSGAII,10,2250.8206636010286,0.3301542065921268,73.520733679857
Map1,15,NSGAII,10,2610.509241368126,0.5165644650692816,82.21568356944363
Map1,1,GA,2,2080.6281672142363,0.5735682758839307,63.08600275849896
Map1,2,GA,2,1816.8301777747968,0.47476153702065993,75.8068401984421
Map1,3,GA,2,2286.1381543506586,0.5775745212716537,67.3444998417308
Map1,4,GA,2,2347.74064989438,0.7427297418833305,71.17630681947313
Map1,5,GA,2,1821.747096487065,0.5678554716326669,55.39959613977542
Map1,6,GA,2,2332.3457362882145,0.5880415030644492,71.87674229137157
Map1,7,GA,2,1964.438929538444,0.49680088317673743,47.60449105103667
Map1,8,GA,2,1575.4469592904306,0.5484725118635847,51.94014086152033
Map1,9,GA,2,1889.0624586853785,1.1850784283814253,61.81855940067383
Map1,10,GA,2,1514.893981311778,0.8891683474635101,47.72749589929785
Map1,11,GA,2,2114.8364550078954,0.4033274865935006,75.43505750542955
Map1,12,GA,2,2164.8928633764795,0.5471727575215706,69.37936555271634
Map1,13,GA,2,2552.524213992872,0.7798947840239876,80.33546220625944
Map1,14,GA,2,2173.7061402237428,0.5096994007040649,66.64247684718059
Map1,15,GA,2,2387.2310887117587,0.7058261945460185,80.08310343021556
Map1,1,GA,3,1830.6574839353855,0.4825751594106098,54.37825184128499
Map1,2,GA,3,1997.3627683340073,0.47901688458306957,60.023947461187944
Map1,3,GA,3,2147.6306972222806,0.5191722329020223,76.06905287661236
Map1,4,GA,3,2457.2556424830673,0.7739783448108817,59.384599391357995
Map1,5,GA,3,1807.473624354221,0.5403677702086735,61.50988899483499
Map1,6,GA,3,2400.8406517249255,0.5737117457912291,74.93843027157112
Map1,7,GA,3,1718.8150303508057,0.4313288929932835,55.32325631033277
Map1,8,GA,3,1518.4198316854854,0.7295939112755985,41.68656661443551
Map1,9,GA,3,1932.0040082156183,1.2592276217848646,56.94160216421063
Map1,10,GA,3,1425.1507547419003,0.9947984936679894,50.1846149976694
Map1,11,GA,3,2224.596481943586,0.48075339459728994,65.23749007740355
Map1,12,GA,3,2302.9302938073183,0.5704139985445327,62.355185888473926
Map1,13,GA,3,2633.31011987992,0.6803066075540798,80.6308339031096
Map1,14,GA,3,1948.2242904442182,0.43622128110717995,54.934858423009864
Map1,15,GA,3,2410.9480338017843,0.786827398984121,69.73230078064691
Map1,1,GA,4,2034.4386275615684,0.7187786742436355,55.14819354258728
Map1,2,GA,4,2028.7231585864401,0.46908593169942314,60.78187811262329
Map1,3,GA,4,1946.450791632402,0.5127661238294365,78.34623539836755
Map1,4,GA,4,2541.810938517206,0.928036936499236,72.14571518725936
Map1,5,GA,4,1737.6301452508872,0.5266048506276508,63.34328025315324
Map1,6,GA,4,2125.5492015790587,0.502887754021522,77.4141449396466
Map1,7,GA,4,1773.3259822904552,0.5210052479587315,55.18737526102385
Map1,8,GA,4,1667.4827655539516,0.7156767218123523,45.85549933659613
Map1,9,GA,4,1863.6251894587174,1.3189663754713141,67.00596465169266
Map1,10,GA,4,1556.8437811281028,1.132555947634021,47.45595758263807
Map1,11,GA,4,2350.105537274017,0.47404426403530664,71.24538036539735
Map1,12,GA,4,2055.8253331168503,0.48707922981400564,80.7176177602686
Map1,13,GA,4,2608.4952753091534,0.6890349360378067,79.56156671376236
Map1,14,GA,4,1937.7889764711792,0.44055936520233985,64.7074220227987
Map1,15,GA,4,2257.830610145457,0.624865096000983,69.19801923533605
Map1,1,GA,5,2087.40161150865,0.5895401509280678,53.12453214853237
Map1,2,GA,5,1723.3916175636853,0.38354086062150294,59.29647840748888
Map1,3,GA,5,2039.1386274516685,0.5714536617465882,76.4705917118945
Map1,4,GA,5,2447.4723974747044,0.7744047373151552,71.45670735598597
Map1,5,GA,5,2024.0079476573542,0.561535165282125,58.43647151423652
Map1,6,GA,5,2258.203017181975,0.5886503013084123,81.09999318824201
Map1,7,GA,5,1784.5913764516872,0.4287785070411889,56.450947624996076
Map1,8,GA,5,1726.225217286292,0.6933185272539593,60.09702715058998
Map1,9,GA,5,1900.4061155143265,1.2255610106578292,60.67245268597669
Map1,10,GA,5,1508.8212453468857,1.043207465484329,47.65796304430347
Map1,11,GA,5,2103.6746138896583,0.3961382494459862,71.94587251836307
Map1,12,GA,5,2130.159069830316,0.4752532846703392,64.22668154104447
Map1,13,GA,5,2247.324402570998,0.5892328934807338,69.79699416748784
Map1,14,GA,5,1876.525111557787,0.3678824857516041,63.09227822126018
Map1,15,GA,5,2409.618880606141,0.6536425960934746,68.58563395558804
Map1,1,GA,6,1974.2808195400733,0.5334648756974847,64.62861449079008
Map1,2,GA,6,1922.5241760887359,0.46582929881911106,63.12211974914011
Map1,3,GA,6,2080.37192305841,0.5975952457933715,71.23433901768776
Map1,4,GA,6,2256.180960737613,0.8205573851152366,67.38634489170646
Map1,5,GA,6,1803.9811581363954,0.44385403651940614,59.85989140449564
Map1,6,GA,6,2267.9064891264757,0.5480469622451629,68.04304243500395
Map1,7,GA,6,1568.2070336171737,0.358120179383425,56.60461459567054
Map1,8,GA,6,1566.4752583450743,0.5541498530961615,43.01954451050998
Map1,9,GA,6,2089.600409054033,1.3962229449488088,56.74574184200918
Map1,10,GA,6,1756.5273802920929,1.2331704968208896,49.41548216580804
Map1,11,GA,6,2307.660860250713,0.4869584206940907,70.30853449844615
Map1,12,GA,6,2062.2988003140917,0.43495005940567033,70.94561799063322
Map1,13,GA,6,2683.9161558832957,0.7833206145690284,68.47463181877436
Map1,14,GA,6,2091.4260923270217,0.4731448453411744,66.75295274135026
Map1,15,GA,6,2554.2176667821636,0.7060368597198359,69.3093057877154
Map1,1,GA,7,1780.1068084878505,0.4430170657222501,71.83973624034896
Map1,2,GA,7,1812.494290186826,0.45785586212261187,61.347679829591776
Map1,3,GA,7,2176.8653799717367,0.4943530295858096,73.60027579515811
Map1,4,GA,7,2177.9193917276416,0.6879003177281575,79.30024502431642
Map1,5,GA,7,2047.5988405356754,0.5434611149148747,64.54891250762928
Map1,6,GA,7,2001.61319133735,0.49312053082292806,73.48333233037668
Map1,7,GA,7,1852.6087159028361,0.4494422449522464,53.830258505612
Map1,8,GA,7,1644.5503906915212,0.6594218403120902,50.70298870576456
Map1,9,GA,7,2318.011272500369,1.799556981392394,50.93664366833722
Map1,10,GA,7,1711.569439867143,1.3806350288499196,51.35759652101051
Map1,11,GA,7,2109.3093673555622,0.3844520215300342,65.47185193666525
Map1,12,GA,7,2467.5174967247367,0.5736625954498304,64.28873269621916
Map1,13,GA,7,2451.5079408116676,0.6682484829047404,82.0289063315295
Map1,14,GA,7,2040.3843369313886,0.4985062984728863,61.43157584382469
Map1,15,GA,7,2416.7127820095125,0.7434121437593628,76.12951396456882
Map1,1,GA,8,1822.3877945788724,0.5228086763499942,58.266329517932924
Map1,2,GA,8,1864.4988658474804,0.43232528743893006,65.57444689296273
Map1,3,GA,8,2438.935904550522,0.6640258030157788,65.59962469119775
Map1,4,GA,8,2368.3544251744015,0.7840643913898546,66.4022416342701
Map1,5,GA,8,1776.394869373317,0.5028175505922814,59.595979092423406
Map1,6,GA,8,2280.4752090278525,0.5105434366499395,78.14025313448582
Map1,7,GA,8,1837.017280942946,0.44505375303436345,49.67400681428607
Map1,8,GA,8,1587.4269568306252,0.697849274948533,51.39687313918603
Map1,9,GA,8,2073.549749875466,1.5614201432463641,57.61325236010797
Map1,10,GA,8,1724.6981151269044,1.2432020746372956,49.45172547474946
Map1,11,GA,8,2207.9401122689906,0.3564786998579166,58.261778903506844
Map1,12,GA,8,2354.8059170981473,0.6491059856258143,67.1734361803047
Map1,13,GA,8,2596.776159196035,0.7145049753816792,72.73609047118515
Map1,14,GA,8,2137.135155091127,0.5310595235495583,71.92898265521929
Map1,15,GA,8,2587.4140206049874,0.7886492107083907,70.10904692786184
Map1,1,GA,9,1987.9937914931575,0.6262737855560996,51.02824711445569
Map1,2,GA,9,1856.5130704297214,0.5169961921536217,62.46812241070883
Map1,3,GA,9,2351.976856539415,0.5787532976065677,64.97999495386097
Map1,4,GA,9,2460.8886919804163,0.8305516723086832,73.87771322326623
Map1,5,GA,9,2152.651470496642,0.5552842671445202,53.86650590825895
Map1,6,GA,9,2292.650134855023,0.5472626984573097,62.88275842071768
Map1,7,GA,9,1736.0543176301408,0.40096361697195526,54.80181921398234
Map1,8,GA,9,1565.2284308435346,0.6843063025118408,48.16236691507933
Map1,9,GA,9,2056.7206233597794,1.4453734551395616,59.26441320961688
Map1,10,GA,9,1538.4448839613506,1.0568645874049238,41.0507246830651
Map1,11,GA,9,2272.9614418988317,0.4511183570355968,63.32122161845151
Map1,12,GA,9,2281.047654248248,0.6061135762031089,61.02238354072713
Map1,13,GA,9,2486.871005516579,0.6184207685422294,79.3922837040306
Map1,14,GA,9,1970.4935264185672,0.4978039952218083,59.66456876761649
Map1,15,GA,9,2585.378709962548,0.7384049239294743,68.9302860345498
Map1,1,GA,10,2105.9449165713036,0.6033595237624869,59.20679304110135
Map1,2,GA,10,2078.5189516663463,0.39447367829560953,56.45159106129798
Map1,3,GA,10,2010.9259920158306,0.572669236970011,84.137699745051
Map1,4,GA,10,2076.392053036932,0.6233747469944859,75.6856000134281
Map1,5,GA,10,1955.1288874385018,0.543697414532053,57.391253543988306
Map1,6,GA,10,2322.8915936770636,0.5742629008025197,82.78825312747269
Map1,7,GA,10,1736.7060211850758,0.43942454548875,60.940170007445566
Map1,8,GA,10,1578.7826285502977,0.6034014018443816,51.55785030072435
Map1,9,GA,10,1973.3782425221348,1.310345526443081,61.07141134088316
Map1,10,GA,10,1434.7480921447354,0.8289436485988304,48.5467410926814
Map1,11,GA,10,2248.4312448725013,0.4472904696407234,66.15855108058665
Map1,12,GA,10,2188.3405814884613,0.5515184216423226,67.10995923882686
Map1,13,GA,10,2487.2488319597906,0.7194719219411283,77.5443786140083
Map1,14,GA,10,1946.7223219954133,0.44099386730885115,70.49729138016602
Map1,15,GA,10,2691.3901732553218,0.8111214911448368,78.98884482784761
Map1,1,ACO,2,1333.519096729427,0.40519938756519913,107.9628728454053
Map1,2,ACO,2,1418.8830177247362,0.4009043307752993,105.18978625588448
Map1,3,ACO,2,1505.609353665065,0.40065279639385665,113.08472727293493
Map1,4,ACO,2,1583.6138485739218,0.55840192513201,118.86426601199933
Map1,5,ACO,2,1270.5192713872616,0.3720360002882135,106.92948941843707
Map1,6,ACO,2,1420.360196662724,0.34140364526288636,129.90585454130294
Map1,7,ACO,2,1204.8419649809416,0.28865989316619967,100.31851922440059
Map1,8,ACO,2,1090.1336741110001,0.4553241650469442,94.37219125742423
Map1,9,ACO,2,1340.0313830534626,0.9138459253315592,109.01831778435096
Map1,10,ACO,2,1041.329165075679,0.7517979924502498,91.01423331567139
Map1,11,ACO,2,1463.876434978464,0.34096315204174843,115.01391052375011
Map1,12,ACO,2,1395.270507505071,0.36039749230496376,124.45752062253497
Map1,13,ACO,2,1526.9403786316325,0.36438521540586777,138.29350064619524
Map1,14,ACO,2,1307.6956093343945,0.30674788734181035,113.91123870560746
Map1,15,ACO,2,1605.8208302804242,0.44163819398945314,118.4329579356921
Map1,1,ACO,3,1349.2989873622266,0.38685322196189453,105.94833213837217
Map1,2,ACO,3,1347.908774260765,0.32763399933319626,104.28196022714249
Map1,3,ACO,3,1375.397450320169,0.3955506853201136,126.0971390354826
Map1,4,ACO,3,1534.669450414422,0.5249436782900112,123.60920865701095
Map1,5,ACO,3,1225.537383013991,0.33376497444058195,106.13541677002817
Map1,6,ACO,3,1497.4447470707973,0.3462599493844536,108.6440837708361
Map1,7,ACO,3,1174.2268390732247,0.2931364269920689,101.31746304748809
Map1,8,ACO,3,1078.9905132450865,0.4673513766417745,93.59551627084714
Map1,9,ACO,3,1391.2621810319363,0.9430859608839963,102.57906840276799
Map1,10,ACO,3,1036.6287319175492,0.679716838394345,89.04726740473302
Map1,11,ACO,3,1445.095879884806,0.28980616986222785,116.24914302837891
Map1,12,ACO,3,1463.7790357952294,0.3726867513593337,115.99468912886688
Map1,13,ACO,3,1639.7272077573698,0.42368829317094026,130.83703074890516
Map1,14,ACO,3,1325.8043369961179,0.27885309454745055,113.60172591392099
Map1,15,ACO,3,1506.556736077652,0.474719233614481,135.44534947835544
Map1,1,ACO,4,1304.8356398218207,0.3943872262672894,108.49787554163484
Map1,2,ACO,4,1487.313302237405,0.3834136880987362,96.24187741997905
Map1,3,ACO,4,1534.3647387013978,0.4570151503759874,113.05759519515249
Map1,4,ACO,4,1482.2369465360568,0.43127033975550333,123.50007044998355
Map1,5,ACO,4,1321.7960879081659,0.4042044508906901,100.09989042289442
Map1,6,ACO,4,1433.3396417676445,0.3746310541625846,127.01398861298505
Map1,7,ACO,4,1234.9672048210923,0.3263087660862052,92.85838672002356
Map1,8,ACO,4,1066.7147681123804,0.4215569052176402,89.2609279226374
Map1,9,ACO,4,1260.8430779324344,0.831895761627143,116.76205824535104
Map1,10,ACO,4,1009.6945529120453,0.679921005534684,89.18421864335268
Map1,11,ACO,4,1457.6457684321126,0.30746318516243676,120.22354425608779
Map1,12,ACO,4,1501.8420344221317,0.3747482001779172,113.25446058678617
Map1,13,ACO,4,1655.854004585433,0.43533424078764327,122.86994635532587
Map1,14,ACO,4,1311.101011138003,0.29805102277326156,118.77012228036287
Map1,15,ACO,4,1594.385788674073,0.48833969922478637,125.33448644064667
Map1,1,ACO,5,1248.3696724216484,0.347561335874369,112.69360582777921
Map1,2,ACO,5,1353.0420136908167,0.32120549738937676,109.75511728339902
Map1,3,ACO,5,1438.5162717140845,0.35501473201176736,118.91559998633537
Map1,4,ACO,5,1518.2279744281188,0.4997887788508777,129.80817099399525
Map1,5,ACO,5,1255.4044461067633,0.36854747631075746,106.60493094885062
Map1,6,ACO,5,1517.1122873774873,0.38850138743381635,122.51993530814195
Map1,7,ACO,5,1190.2728115796112,0.28656433816666826,99.39558392158598
Map1,8,ACO,5,1113.5951485703408,0.46957738223277623,93.38486065697766
Map1,9,ACO,5,1346.0513151190091,1.0065570445265646,106.29207152803532
Map1,10,ACO,5,1074.9921697957477,0.7362764547841643,83.18546772038154
Map1,11,ACO,5,1425.1747056463369,0.29191891186872354,124.56965902076912
Map1,12,ACO,5,1453.2985894504654,0.36252254311045284,113.456416833773
Map1,13,ACO,5,1600.125174474225,0.44465045525182134,129.77134662789092
Map1,14,ACO,5,1321.3002630520282,0.2979925583091756,115.15907447138665
Map1,15,ACO,5,1558.8051652568147,0.4547640063292189,127.77934281785124
Map1,1,ACO,6,1254.2559264576391,0.35805056610751684,111.44632810046062
Map1,2,ACO,6,1440.6611528574663,0.36249805978748917,100.22945956036575
Map1,3,ACO,6,1425.8267326319215,0.41849817231668496,121.70543883881497
Map1,4,ACO,6,1426.9671665640533,0.4627636258757484,131.7233560793626
Map1,5,ACO,6,1287.0149267495756,0.34675217390967283,102.39515733220067
Map1,6,ACO,6,1536.7583803487878,0.39211245620237634,116.98709600742545
Map1,7,ACO,6,1224.1786479234318,0.3061333043036125,93.7247159979744
Map1,8,ACO,6,1146.6230112563094,0.5200356097234984,87.23750313973497
Map1,9,ACO,6,1390.3864167284507,0.9839134532439306,108.10775664019009
Map1,10,ACO,6,1079.2915069473354,0.6734052534794976,85.93394874093781
Map1,11,ACO,6,1470.6845909893327,0.31865176923472305,120.77372350511875
Map1,12,ACO,6,1426.843812242765,0.376029542220385,117.03191857389214
Map1,13,ACO,6,1542.8798841697424,0.43266797135680335,136.0005249542538
Map1,14,ACO,6,1290.0148461187382,0.3023919805009392,113.63207849062239
Map1,15,ACO,6,1561.3114738004263,0.4451763535701456,124.7057149822176
Map1,1,ACO,7,1353.5692374683554,0.3954187314216302,108.33365321567774
Map1,2,ACO,7,1340.6086179785364,0.3093724453352653,108.56834635138448
Map1,3,ACO,7,1467.4194494254139,0.4063189927456641,115.90932121521256
Map1,4,ACO,7,1462.2252104022327,0.4529313610974768,130.84698884487918
Map1,5,ACO,7,1354.8846597406043,0.40136428573936733,96.2697414979475
Map1,6,ACO,7,1499.7597225546776,0.37975150669110747,121.94577398016126
Map1,7,ACO,7,1198.267076677372,0.273939965304999,95.73029439967348
Map1,8,ACO,7,1134.647360379212,0.49325480940231436,87.21255537306189
Map1,9,ACO,7,1333.0006017630176,0.9032248303413919,113.33002668749205
Map1,10,ACO,7,1055.9783069040027,0.7005246577989119,87.82847054011995
Map1,11,ACO,7,1439.935624670319,0.2862603037053546,121.8966701926684
Map1,12,ACO,7,1404.3254090022472,0.3437153176983774,120.24176630017847
Map1,13,ACO,7,1642.5338083116808,0.441632959697138,126.08284877852611
Map1,14,ACO,7,1293.3818760741353,0.27798366767542504,119.64733973414161
Map1,15,ACO,7,1627.7355849608657,0.5289501175301492,124.68997689976796
Map1,1,ACO,8,1263.0242936930367,0.4014515811703898,110.61753091305995
Map1,2,ACO,8,1407.922260563698,0.3317071015665132,105.59947022912682
Map1,3,ACO,8,1414.083739969705,0.37528516406866075,118.49197596758864
Map1,4,ACO,8,1474.657464689893,0.4703951495981151,129.4418819611634
Map1,5,ACO,8,1232.4753403530672,0.3518865834677616,109.2265042118691
Map1,6,ACO,8,1517.6261296281061,0.3577560439915075,118.05774355077497
Map1,7,ACO,8,1185.9550590184037,0.2955770728008229,97.37497505862707
Map1,8,ACO,8,1111.078220563713,0.4661815830224416,89.42033508266312
Map1,9,ACO,8,1252.5386102996226,0.9281227049142853,115.08711882593587
Map1,10,ACO,8,1056.4188566522641,0.7274590516438302,87.69641343452261
Map1,11,ACO,8,1434.7084899262807,0.2785553495105688,121.74644386718907
Map1,12,ACO,8,1446.3844568227582,0.3542362989095498,118.53318218179858
Map1,13,ACO,8,1570.5683381388392,0.41086467978623986,127.67476145496377
Map1,14,ACO,8,1315.888172783376,0.3100585478607094,117.51269310235287
Map1,15,ACO,8,1641.6378465149326,0.48316468366429,117.66613620753289
Map1,1,ACO,9,1317.6111447334144,0.3932349884955233,108.67000723221834
Map1,2,ACO,9,1298.1139577547167,0.32018331733933003,115.81210359158261
Map1,3,ACO,9,1466.1537490641583,0.4155039167477028,117.68062467471105
Map1,4,ACO,9,1486.645514796218,0.4639053302049554,122.48553908622205
Map1,5,ACO,9,1286.6222930516572,0.36831486873312436,106.65635774504315
Map1,6,ACO,9,1530.7534618570744,0.3793733545251676,117.7218568513596
Map1,7,ACO,9,1167.2401657849284,0.31370234527087426,99.46897296114696
Map1,8,ACO,9,1085.3183398183069,0.44969534516048704,94.39092959161033
Map1,9,ACO,9,1312.208170640404,0.8368647231538251,112.76894618656398
Map1,10,ACO,9,1110.2725460681686,0.8163310719408514,84.26863718026107
Map1,11,ACO,9,1421.2769446213854,0.27851881381403487,124.90128332597553
Map1,12,ACO,9,1500.236881896421,0.37156998704045385,112.32291176165944
Map1,13,ACO,9,1676.4693537926303,0.4803431047362672,125.5820396089743
Map1,14,ACO,9,1359.7836131510082,0.2677158019657,113.37276803582998
Map1,15,ACO,9,1549.5464326671538,0.4306133560384122,130.90987169179584
Map1,1,ACO,10,1305.6584309643079,0.3673841303656733,111.17059363271822
Map1,2,ACO,10,1392.0876314006068,0.34116948398421165,104.71245731585896
Map1,3,ACO,10,1447.8087562437734,0.38186056731512963,118.69426387370093
Map1,4,ACO,10,1507.8281251277112,0.4877825133420437,125.61068903019269
Map1,5,ACO,10,1251.874168619011,0.3948051844694529,101.7921325235341
Map1,6,ACO,10,1454.6570252685985,0.3456559436811659,125.4605824765067
Map1,7,ACO,10,1161.5061054157688,0.29889234187710123,98.3229891392572
Map1,8,ACO,10,1117.9191638404766,0.48620205971689323,87.5601719122971
Map1,9,ACO,10,1373.0976239162605,0.9103561851222697,107.54359865220351
Map1,10,ACO,10,1004.4820071593326,0.6855041289778825,92.14470318096517
Map1,11,ACO,10,1503.1187223944696,0.3186904407445823,111.53913153197513
Map1,12,ACO,10,1381.5037425158505,0.36955986131112617,123.83320298096695
Map1,13,ACO,10,1570.040370267116,0.41380056269689547,132.40913172353987
Map1,14,ACO,10,1334.466531579367,0.3117665986876048,115.21932060777789
Map1,15,ACO,10,1614.6030716984012,0.47998232643648286,127.36390881544091
Map2,1,NSGAII,1,2566.7700814979758,0.902888788795936,85.89226768954698
Map2,2,NSGAII,1,1308.2309744515496,0.5562889423296227,81.45580758098293
Map2,3,NSGAII,1,1334.6191311355929,0.5035305745283729,79.2079487815901
Map2,4,NSGAII,1,2156.375482128999,1.0577397114217373,97.52154314777914
Map2,5,NSGAII,1,1265.810363068351,0.5039141650637973,75.2990314277159
Map2,6,NSGAII,1,1664.3425781146514,0.5809066358173176,88.75694790124052
Map2,7,NSGAII,1,1490.3537780533845,0.5424281537542051,88.49484793783314
Map2,8,NSGAII,1,1134.8521647634557,0.5774450206733306,63.25415370095998
Map2,9,NSGAII,1,1423.2000014576004,0.6019704537431174,61.677451910869664
Map2,10,NSGAII,1,1566.9656135012294,0.6650895801982077,76.03403380261602
Map2,11,NSGAII,1,1923.3175971983544,0.9558122018151138,82.51351811592544
Map2,12,NSGAII,1,1438.2167850530866,0.515544329873185,75.03977061978607
Map2,13,NSGAII,1,1861.2820049666634,0.961915674822988,89.91869057548324
Map2,14,NSGAII,1,1475.2825225323063,0.6323622081341682,71.81576164460408
Map2,15,NSGAII,1,1603.846871649144,0.40594327977538924,70.3902508924328
Map2,16,NSGAII,1,1453.8719103713374,0.8101940066036857,73.63499588057769
Map2,17,NSGAII,1,1454.8797275275065,0.5894010512004737,96.36993381848248
Map2,18,NSGAII,1,2426.036559809568,0.9819348018681602,88.79494524054732
Map2,19,NSGAII,1,1370.046475767335,0.4688017731480585,79.58537648200118
Map2,20,NSGAII,1,2770.401088406073,0.7341720811614945,79.9426754084198
Map2,1,NSGAII,2,2696.647439124916,1.028205712688111,87.07292773642504
Map2,2,NSGAII,2,1583.4257764329545,0.779319926401218,84.89404972671703
Map2,3,NSGAII,2,1449.0107084635704,0.5768076722970576,79.56771746739958
Map2,4,NSGAII,2,2423.24027497371,1.0323742555029245,97.0700962169939
Map2,5,NSGAII,2,1296.5974517891534,0.567058233024742,88.4800648677675
Map2,6,NSGAII,2,1685.338867147347,0.5938028774315534,84.787306990767
Map2,7,NSGAII,2,1515.45569301536,0.6646049398073295,69.47063728004098
Map2,8,NSGAII,2,1069.855572949202,0.6002208000315612,62.589292645770826
Map2,9,NSGAII,2,1221.7050538554122,0.48034588794462607,81.06885528950605
Map2,10,NSGAII,2,1424.8721965871268,0.6254695061728572,70.85294751394221
Map2,11,NSGAII,2,2045.027533311972,1.0352339776576862,81.34512348351213
Map2,12,NSGAII,2,1587.1172272288607,0.6174827218145662,66.42419662496445
Map2,13,NSGAII,2,1714.5585628163496,0.6104530612845647,79.98319583955454
Map2,14,NSGAII,2,1148.5661430839173,0.37121038561524244,75.94708335779666
Map2,15,NSGAII,2,1659.3650933667254,0.49020766540670024,81.64926195525192
Map2,16,NSGAII,2,1497.0933226616783,0.7671358998894728,64.99490153124903
Map2,17,NSGAII,2,1720.1816750058692,0.6533444562475612,76.96280253083768
Map2,18,NSGAII,2,2370.5839335637465,1.0360999784267584,92.91139608015897
Map2,19,NSGAII,2,1508.5531748063058,0.574246318185569,87.59809723106773
Map2,20,NSGAII,2,2588.036244851564,0.623672531027962,116.5358750255121
Map2,1,NSGAII,3,2626.0212076021166,0.9908582404669293,90.40311550133258
Map2,2,NSGAII,3,1552.0146376392179,0.6467583152421525,81.00207637136847
Map2,3,NSGAII,3,1438.3445513085887,0.45742370737034577,71.32622608488016
Map2,4,NSGAII,3,2421.801973221701,0.9474707446745665,95.36493970649923
Map2,5,NSGAII,3,1431.09816264905,0.6862088095083898,64.32759982622404
Map2,6,NSGAII,3,1755.004911236174,0.719678630206257,81.57087850013929
Map2,7,NSGAII,3,1560.056746633899,0.5500296157608879,72.83051050934678
Map2,8,NSGAII,3,1139.360417847083,0.5464110509121518,72.55075198327181
Map2,9,NSGAII,3,1247.4243326293908,0.591379649060805,65.41296744630613
Map2,10,NSGAII,3,1492.561961886255,0.6445195040947578,79.44332288213096
Map2,11,NSGAII,3,2037.4979043077442,0.8945068171447339,96.00032437791448
Map2,12,NSGAII,3,1405.0384711774625,0.55919775868154,80.86780723521018
Map2,13,NSGAII,3,1886.3649088408306,0.7136216891990355,83.51034247372553
Map2,14,NSGAII,3,1346.3226739542745,0.4876419611964131,54.6052150557599
Map2,15,NSGAII,3,1495.3668672383146,0.46423593941997865,82.19210097131216
Map2,16,NSGAII,3,1465.3348670943951,0.7928008786621437,64.4107629065767
Map2,17,NSGAII,3,1649.012141209582,0.6603320366061087,76.01861529259801
Map2,18,NSGAII,3,2340.4305878138757,0.8380074130804296,96.32417609224089
Map2,19,NSGAII,3,1478.8378679555055,0.4511993979111786,82.75642824712342
Map2,20,NSGAII,3,2758.6333282074597,0.6264899906681958,105.04882262520076
Map2,1,NSGAII,4,2615.746352505469,0.8353463361309839,101.43237858281584
Map2,2,NSGAII,4,1489.7593682377594,0.46864428994849305,88.16721677303188
Map2,3,NSGAII,4,1262.936171376,0.5357387545276957,70.95124376684313
Map2,4,NSGAII,4,2574.5828465172262,0.9192890705443144,82.97157507702865
Map2,5,NSGAII,4,1462.9334290185488,0.7294708095011515,63.52469519674085
Map2,6,NSGAII,4,1655.3707418693728,0.7310704191668371,70.82468485640082
Map2,7,NSGAII,4,1566.3962222073856,0.6389591669678367,76.11252725792001
Map2,8,NSGAII,4,1203.6593340703148,0.5467688907321815,67.4983661185715
Map2,9,NSGAII,4,1235.2762225619576,0.4268276075866382,60.98667074199217
Map2,10,NSGAII,4,1611.4780573686053,0.6799974062713279,62.803280958480435
Map2,11,NSGAII,4,1798.5633050647,1.088721630116975,95.55000720237966
Map2,12,NSGAII,4,1688.0338270890927,0.7558147432712605,64.36349964781527
Map2,13,NSGAII,4,1865.705701113828,0.8114603949707675,77.58737006732571
Map2,14,NSGAII,4,1258.6748331560987,0.47758027913659973,69.10187848568101
Map2,15,NSGAII,4,1612.2539386467602,0.4584228923793141,66.25973244101688
Map2,16,NSGAII,4,1511.1404086641119,0.6307294229130189,76.68616349179624
Map2,17,NSGAII,4,1558.1455299159754,0.6022371556812818,81.60097086218565
Map2,18,NSGAII,4,2401.6425627822487,0.9179887152115747,86.6375826075865
Map2,19,NSGAII,4,1402.418167369013,0.5628895278894106,83.7816290781726
Map2,20,NSGAII,4,2920.6981096606623,0.7755971389176697,87.22295983898314
Map2,1,NSGAII,5,2669.0002578154526,0.785277130355853,105.47618630705938
Map2,2,NSGAII,5,1519.5351338499106,0.5939917598137399,66.98370269939002
Map2,3,NSGAII,5,1524.714936194555,0.5350235192700659,63.20755246130732
Map2,4,NSGAII,5,2215.3828936957652,1.124373289440948,92.18508775352693
Map2,5,NSGAII,5,1244.940975833662,0.5802090202982662,78.85711366659028
Map2,6,NSGAII,5,1761.6338006809108,0.6295301235025832,78.27277976630037
Map2,7,NSGAII,5,1777.3277662609437,0.6614814386546399,89.43632005291975
Map2,8,NSGAII,5,1090.8069745930416,0.5918707807417078,62.68959891737714
Map2,9,NSGAII,5,1125.4470909401864,0.3657362440875964,70.50646793531835
Map2,10,NSGAII,5,1558.9219440646386,0.6025789003383313,81.86594225642831
Map2,11,NSGAII,5,1988.2675564329718,1.0143321242583028,96.20343861003893
Map2,12,NSGAII,5,1334.394329458131,0.4654292357059493,74.69340433187278
Map2,13,NSGAII,5,1916.7965467775753,0.7509244806445334,89.79047224828527
Map2,14,NSGAII,5,1229.041617501197,0.368847056076806,68.71478970708813
Map2,15,NSGAII,5,1697.5230494523798,0.5131731646625965,78.02780406996573
Map2,16,NSGAII,5,1282.74082959465,0.7165550125638251,83.73818624037828
Map2,17,NSGAII,5,1591.770618603225,0.5111784508615234,67.63058464014193
Map2,18,NSGAII,5,2510.6744159565787,0.9820107338813351,84.92913735097305
Map2,19,NSGAII,5,1454.6421741944605,0.47822409636814456,83.45238575647711
Map2,20,NSGAII,5,2837.4189619425324,0.7616531082094067,77.49948218876494
Map2,1,NSGAII,6,2639.1586039429676,0.8577557290606546,92.40055344785392
Map2,2,NSGAII,6,1416.2317724458094,0.514327626484846,79.68276834180861
Map2,3,NSGAII,6,1464.2877264617266,0.46393763778770847,68.48757256494059
Map2,4,NSGAII,6,2311.989807476926,0.9558922696623977,100.65000495168417
Map2,5,NSGAII,6,1305.8505066020396,0.6476965164437694,78.91041968858326
Map2,6,NSGAII,6,1663.5127965734277,0.6153189504075804,93.41160273231601
Map2,7,NSGAII,6,1678.6582620335864,0.4523095047822778,60.80113280874862
Map2,8,NSGAII,6,1140.8126579935367,0.6674318285232559,71.08244146796498
Map2,9,NSGAII,6,1238.6592055986505,0.4596491134941374,72.32466626832628
Map2,10,NSGAII,6,1653.3720366377686,0.7259632435084011,78.18662134191773
Map2,11,NSGAII,6,1963.9098856049168,1.1832109041862182,82.04102872102357
Map2,12,NSGAII,6,1438.7713058237011,0.48186040375636274,66.87452324311171
Map2,13,NSGAII,6,1926.272077907553,0.6390556336068389,78.02610766508674
Map2,14,NSGAII,6,1201.094948840295,0.3852866745041936,62.87946241784714
Map2,15,NSGAII,6,1445.479782685636,0.4340983184970959,80.38889522481021
Map2,16,NSGAII,6,1357.0551204242881,0.6416423215319451,74.65601118522133
Map2,17,NSGAII,6,1510.935198040972,0.5985373114583528,84.85383319878625
Map2,18,NSGAII,6,2298.380843880473,0.6998164754780731,79.68006947182967
Map2,19,NSGAII,6,1499.291466657317,0.4556992062060985,80.96791716980057
Map2,20,NSGAII,6,2782.342176025763,0.7725318336242832,97.12791949160045
Map2,1,NSGAII,7,2424.776676840638,0.7644310570157717,80.22372414645145
Map2,2,NSGAII,7,1379.1639238870562,0.4938884929407017,82.2031684672709
Map2,3,NSGAII,7,1418.2688232692503,0.4170200005709326,64.86158642789457
Map2,4,NSGAII,7,2522.0217364976033,1.1938031167411705,73.95944976870972
Map2,5,NSGAII,7,1281.1686204124785,0.7689863237341577,74.89304206172282
Map2,6,NSGAII,7,1585.3168754070598,0.5374642301101034,88.56300506852378
Map2,7,NSGAII,7,1490.0864456068432,0.5141516130629142,84.364640185533
Map2,8,NSGAII,7,1122.8063089851921,0.6005099472488098,70.42969784837146
Map2,9,NSGAII,7,1222.616580691963,0.5500503180207019,70.03276765175013
Map2,10,NSGAII,7,1506.2946127866962,0.7566857339013584,85.24268281280801
Map2,11,NSGAII,7,2064.150676878004,0.8310036069268634,90.69455004956167
Map2,12,NSGAII,7,1473.8590047749656,0.6013989974345595,68.49209375064353
Map2,13,NSGAII,7,1915.8751806334326,0.6501502436772899,82.96584327378396
Map2,14,NSGAII,7,1299.4693637786934,0.37648249567951453,61.41005499852197
Map2,15,NSGAII,7,1608.8141769995214,0.44735544768439084,75.0081329426799
Map2,16,NSGAII,7,1626.9931456068055,0.928833214621319,77.16291620333558
Map2,17,NSGAII,7,1891.1255250693182,0.8541275868337852,71.1278120826722
Map2,18,NSGAII,7,2401.909630695554,1.0420216483772116,99.07014373555367
Map2,19,NSGAII,7,1520.4250358196741,0.5617307766688526,71.66951261783313
Map2,20,NSGAII,7,2989.6607751826564,0.7616731761078963,89.12878363571843
Map2,1,NSGAII,8,2460.2249959125425,0.7545765427282536,80.46872953582283
Map2,2,NSGAII,8,1428.865134509291,0.5553440239692833,80.89256422923943
Map2,3,NSGAII,8,1499.4082349284326,0.5078086234810861,77.30126417660982
Map2,4,NSGAII,8,2566.2821770502956,1.0573839157038467,86.37449473898336
Map2,5,NSGAII,8,1468.7688348252452,0.8711245454457313,80.38422412029807
Map2,6,NSGAII,8,1906.618609742523,0.7718911302036489,78.20986786141124
Map2,7,NSGAII,8,1546.732421621445,0.4969505626010928,76.33966500765547
Map2,8,NSGAII,8,1279.8465876529172,0.6005841684852911,62.30932869423449
Map2,9,NSGAII,8,1213.2654646551994,0.41354067786345894,71.37413041509028
Map2,10,NSGAII,8,1568.5496839828095,0.713199898942884,79.34137793605176
Map2,11,NSGAII,8,2072.73027385986,1.1462073045414236,79.77111408145123
Map2,12,NSGAII,8,1429.1656955313952,0.4277288056013635,79.92373520608834
Map2,13,NSGAII,8,1927.032791884287,0.7568708180534021,84.93874544156104
Map2,14,NSGAII,8,1173.5639005767257,0.3879906366880448,80.83662765221244
Map2,15,NSGAII,8,1795.9388214060816,0.4407411911644381,69.81684063642703
Map2,16,NSGAII,8,1349.4810775192814,0.6369194496451787,71.44477820859471
Map2,17,NSGAII,8,1717.006527550284,0.8647840092562884,87.85080853976987
Map2,18,NSGAII,8,2477.350419948443,0.8753400543102963,86.89730169410252
Map2,19,NSGAII,8,1495.2512618286441,0.45387574421433285,63.609827628764265
Map2,20,NSGAII,8,2376.4421037690263,0.6943878942291786,95.48464784241474
Map2,1,NSGAII,9,2461.3146815414434,0.8314361195655149,67.94884396262958
Map2,2,NSGAII,9,1533.5859887854683,0.550063047013893,74.65849763287984
Map2,3,NSGAII,9,1534.8738317886798,0.6435275964698732,57.793271064642944
Map2,4,NSGAII,9,2300.9011195221083,0.9687501555143587,92.3517582649117
Map2,5,NSGAII,9,1403.7268551756006,0.6836734730888985,70.79577486718291
Map2,6,NSGAII,9,1653.389373068219,0.7040950407532769,83.4721912329325
Map2,7,NSGAII,9,1576.5058473655017,0.5265501175210865,74.36737430180324
Map2,8,NSGAII,9,1032.3668648618527,0.5414602814890266,70.49437096084596
Map2,9,NSGAII,9,1250.6870236561451,0.49126482677070626,64.12900837950254
Map2,10,NSGAII,9,1727.4084752660854,0.6358758068745143,58.20439278562406
Map2,11,NSGAII,9,1819.798789296697,1.0675830585374833,88.89873300111167
Map2,12,NSGAII,9,1523.017612900912,0.6668749693427518,70.43528901970119
Map2,13,NSGAII,9,2097.3669768151435,0.6934581664464918,78.77211502940457
Map2,14,NSGAII,9,1377.9102798703464,0.3610376311304542,61.299445225299216
Map2,15,NSGAII,9,1478.9650008350682,0.4185263103677386,87.45906498721082
Map2,16,NSGAII,9,1401.3093964174493,0.6715734339679837,74.16959572915806
Map2,17,NSGAII,9,1572.2696125071745,0.6643835435564274,92.22457539306842
Map2,18,NSGAII,9,2543.18369039296,1.0022437784316907,94.18617184457716
Map2,19,NSGAII,9,1675.6626558853106,0.7035848200525621,85.50313513063297
Map2,20,NSGAII,9,2856.732865050942,0.735094221525797,100.55752319366043
Map2,1,NSGAII,10,2306.2518174603274,0.7512274559570908,92.99886345758614
Map2,2,NSGAII,10,1422.92868062776,0.4475186677305665,77.53046410090542
Map2,3,NSGAII,10,1283.616044908702,0.42507680067233977,65.11045006695642
Map2,4,NSGAII,10,2370.6157004174293,0.8759091182017809,99.19958893156642
Map2,5,NSGAII,10,1314.4107087663056,0.7432832738909134,64.42744624495026
Map2,6,NSGAII,10,1559.8783874603423,0.5980635557946101,76.33322119733305
Map2,7,NSGAII,10,1648.107434796164,0.5164476262084499,71.75536005100554
Map2,8,NSGAII,10,1158.9067528293447,0.6518438254862176,58.51196449212382
Map2,9,NSGAII,10,1376.1539554833196,0.47368478130265146,66.43218467395296
Map2,10,NSGAII,10,1571.0833052210098,0.6858690190757333,78.95595217291174
Map2,11,NSGAII,10,1988.0849380501566,1.0589194957758714,71.23332133167078
Map2,12,NSGAII,10,1433.8893805117095,0.5153547980086497,80.00312303721755
Map2,13,NSGAII,10,1896.0664476547304,0.5870823776314591,67.30662604068351
Map2,14,NSGAII,10,1209.2893966437478,0.35101940682417876,72.62514143051425
Map2,15,NSGAII,10,1685.280611051376,0.4634830425804459,72.85399482850177
Map2,16,NSGAII,10,1261.799175822525,0.6875673645524554,84.94130198167794
Map2,17,NSGAII,10,1497.8899636557821,0.6347697387642643,80.5028172949624
Map2,18,NSGAII,10,2382.1684979939123,0.9468250567837408,90.53200514930923
Map2,19,NSGAII,10,1488.3207265925982,0.5936595052213818,80.95092445225728
Map2,20,NSGAII,10,2644.359604326317,0.7159710180933363,95.03105085203684
Map2,1,GA,1,2235.3449624912546,0.7817638869940868,71.82690206962572
Map2,2,GA,1,1794.5411899035093,0.9062600507544367,49.15309790465409
Map2,3,GA,1,1581.535164896372,0.7407336541826659,47.98940635167201
Map2,4,GA,1,1931.4438253905346,1.059604178140388,70.72953754146343
Map2,5,GA,1,1326.0951224167593,0.8967769512215042,53.062538282881135
Map2,6,GA,1,2148.011147338738,1.198023255012373,54.980304213945075
Map2,7,GA,1,1646.96766359763,0.7989699756588386,47.09601178087307
Map2,8,GA,1,1161.2640428568527,0.8234627062158211,42.34602737020718
Map2,9,GA,1,1190.9909900911043,0.8037369818456739,48.667794447801384
Map2,10,GA,1,1765.2900649927487,1.0397162435016352,55.614309206062636
Map2,11,GA,1,1867.7400175654896,1.2611945720883355,54.91002786752516
Map2,12,GA,1,1365.0550132270469,0.6903244916313209,47.88476138641942
Map2,13,GA,1,1813.9434187279696,1.0314876683089143,62.60841403084341
Map2,14,GA,1,1339.4603882925426,0.620512439609314,42.82927170261644
Map2,15,GA,1,1824.7307500294273,0.7395697500452556,41.85412168090712
Map2,16,GA,1,1495.1265737157773,1.0421628710656403,48.18816145329815
Map2,17,GA,1,1627.2407376998833,0.9463118053198176,46.46409261525254
Map2,18,GA,1,2196.1586664034567,1.1978624250501113,67.38504018805486
Map2,19,GA,1,1505.228631785348,0.7745060635809473,57.09827140285479
Map2,20,GA,1,2380.9687271873368,0.8119804385916201,77.68061568408929
Map2,1,GA,2,2130.375488234634,0.9394571561557843,72.98829183871966
Map2,2,GA,2,1586.8791058898512,0.8245657879668506,50.389001079650946
Map2,3,GA,2,1571.325731788177,0.8309106018750541,46.02475601811715
Map2,4,GA,2,2139.371584422196,1.3475233121603214,54.10373966408972
Map2,5,GA,2,1476.5106634902252,1.011438416066067,41.52907636214892
Map2,6,GA,2,1704.1059269073207,0.8605761539095447,65.38585300449478
Map2,7,GA,2,1694.495084210488,0.7920147814840632,48.68435160875257
Map2,8,GA,2,1200.8033986632163,0.7765228964626161,33.063124962290544
Map2,9,GA,2,1354.3561190320927,0.7437036979555529,43.336003747909416
Map2,10,GA,2,1729.1383719617943,0.8866280787589087,60.79569103650445
Map2,11,GA,2,1803.6578974582455,1.2051037981733508,64.87148622028046
Map2,12,GA,2,1591.0294683437276,0.8847554593244471,48.10395012698365
Map2,13,GA,2,1805.2505106792835,0.9457014505501515,59.11315402443055
Map2,14,GA,2,1352.674732860449,0.5636885311534918,50.32540463777667
Map2,15,GA,2,1775.236241276886,0.7033472508034073,49.753526887893926
Map2,16,GA,2,1499.6101566882428,0.9020201571999333,50.61978457125289
Map2,17,GA,2,1933.75725386877,1.1060656210398232,45.54898390898154
Map2,18,GA,2,2278.087814779298,1.1175094981133746,66.3320085958095
Map2,19,GA,2,1631.86214079021,0.7258861017000875,47.736309285315684
Map2,20,GA,2,2216.991112861979,0.8325177488311919,73.92476998222058
Map2,1,GA,3,2222.788720878123,0.970769076868562,70.97472936816585
Map2,2,GA,3,1627.4575583278047,0.9296692295196145,54.244533343687976
Map2,3,GA,3,1637.3127261524992,0.8026291752687946,37.69082409240726
Map2,4,GA,3,2321.117588095382,1.191040290943656,65.53461632932182
Map2,5,GA,3,1339.1151717387297,0.8865954855206049,47.792063385998475
Map2,6,GA,3,1800.540351933656,0.941548876287488,55.80642688302125
Map2,7,GA,3,1591.3376773239265,0.8276523308356794,61.6836126568099
Map2,8,GA,3,1324.6331496061496,0.9624993763850398,45.49097059634372
Map2,9,GA,3,1481.4797613727242,0.7380014331789795,45.329795930161154
Map2,10,GA,3,1584.5682631927102,0.7879073445486728,47.71279527516053
Map2,11,GA,3,1967.005424400131,1.5179411547263904,56.60905025308728
Map2,12,GA,3,1502.921013730776,0.753385997715009,58.340635850390825
Map2,13,GA,3,1938.4233947839016,0.7763393644429595,59.768258929604386
Map2,14,GA,3,1261.9424656745773,0.5558839577963361,44.77420359950542
Map2,15,GA,3,1560.0755720311413,0.6000701633824761,50.25065463949726
Map2,16,GA,3,1472.0458878464674,1.0317481876577599,45.177556938393
Map2,17,GA,3,1588.2117990052532,0.9566648848976147,57.871443202336366
Map2,18,GA,3,1993.039012683011,1.0261271064921438,74.75552334633953
Map2,19,GA,3,1698.7537213820128,0.6880827624249335,49.18251856242437
Map2,20,GA,3,2419.675388313836,0.9223216176748483,73.75813329942979
Map2,1,GA,4,2284.5413006362787,0.9905591140257695,67.85872411769223
Map2,2,GA,4,1535.0409276806554,0.6739118830653155,51.72802564767069
Map2,3,GA,4,1430.1703793121385,0.6426508492810683,47.613373719447175
Map2,4,GA,4,2103.896418013527,1.09319121552746,65.29918222323846
Map2,5,GA,4,1475.4396070534208,0.9223976699003735,50.77175607942429
Map2,6,GA,4,1537.680481293579,0.7831729893852106,56.43152435211468
Map2,7,GA,4,1813.6737226689352,0.8143133575080235,48.62520026690077
Map2,8,GA,4,1349.8421065170007,0.7856804958143186,36.01831674640554
Map2,9,GA,4,1360.4549989389204,0.8380220379369447,37.193136660906085
Map2,10,GA,4,1822.3992988195762,1.15406598852047,47.900010859883515
Map2,11,GA,4,1911.4357188454549,1.4531270587012592,56.324974440871145
Map2,12,GA,4,1660.5010116646065,0.8676424815608943,44.704681769501654
Map2,13,GA,4,1888.4049732044039,0.9684526970308038,59.662772644434256
Map2,14,GA,4,1360.4399949807641,0.618320481758829,40.581473447604814
Map2,15,GA,4,1659.6837187900953,0.6611954490693037,44.846218754982125
Map2,16,GA,4,1534.7617094748548,0.9396646776211579,48.6332204660076
Map2,17,GA,4,1637.9834050475538,0.9081930634579809,60.30364394797154
Map2,18,GA,4,2044.000672957549,1.0555064969587313,65.86770937068474
Map2,19,GA,4,1684.9758564555655,0.6823026247875497,43.06208681830604
Map2,20,GA,4,2442.721816847566,0.9168860820971876,65.14664658079944
Map2,1,GA,5,2324.448299213876,0.9214114089781464,68.05294676533546
Map2,2,GA,5,1756.8830024743613,0.8583296953651001,53.2147278027382
Map2,3,GA,5,1500.9520296547776,0.8591899673188088,45.240645786293726
Map2,4,GA,5,2182.2749858060483,1.4134857415269213,58.354399070401406
Map2,5,GA,5,1532.0434190427643,0.959362712920143,46.638486461526725
Map2,6,GA,5,1948.0876515409873,0.9235474890482038,52.84791099004677
Map2,7,GA,5,1707.5610384328418,0.9263178741263367,56.31007307005763
Map2,8,GA,5,1287.2103995408472,0.750073597724402,36.78197919433984
Map2,9,GA,5,1370.692296814202,0.7069844019875404,45.24448793904348
Map2,10,GA,5,1699.895279716425,0.871104601751254,47.46583459162031
Map2,11,GA,5,1913.1434364322647,1.3008515824933333,61.17707595366735
Map2,12,GA,5,1525.071938007886,0.8057230128500859,60.5809933628179
Map2,13,GA,5,1810.6968691652594,1.12282488262972,51.132834466816085
Map2,14,GA,5,1532.285210767784,0.6753265707163685,30.682956352698206
Map2,15,GA,5,1678.4999960206578,0.7065757659178686,52.12276501275856
Map2,16,GA,5,1428.3227325956693,1.0585977800156083,48.57173424048883
Map2,17,GA,5,1670.214826628704,0.9156572895538861,49.877428780066985
Map2,18,GA,5,2053.156079390626,1.1600122861320266,72.98370318185968
Map2,19,GA,5,1755.2552211470506,0.9208608305346253,51.197964983255744
Map2,20,GA,5,2433.9011613260227,0.8515255393680281,75.07065637050582
Map2,1,GA,6,2305.0550086013345,0.9690883994842263,56.23590086035865
Map2,2,GA,6,1647.087092028232,0.8713784085281304,51.14070077129944
Map2,3,GA,6,1562.9997354798393,0.8509274841652754,43.50617567269953
Map2,4,GA,6,2041.4923900115084,1.1566215097901047,63.72727364215047
Map2,5,GA,6,1452.2809751486968,0.9780380351023297,50.28927514006281
Map2,6,GA,6,1816.8596076838382,0.9746448568338018,48.606973276642
Map2,7,GA,6,1689.864185052658,0.8197582294721286,51.48929798070903
Map2,8,GA,6,1338.9108373528313,0.9257928765609904,34.759346690291295
Map2,9,GA,6,1295.5125749797116,0.6130774054979113,46.12715921937502
Map2,10,GA,6,1682.030710137374,0.8968371698498725,53.08821866385534
Map2,11,GA,6,2066.653965734825,1.4731590773847785,61.64318966073069
Map2,12,GA,6,1579.7361715505874,0.783065370365426,50.16106577334744
Map2,13,GA,6,1957.2575092046816,0.996901055591012,61.69367814458903
Map2,14,GA,6,1326.2340978946625,0.5980601353315684,43.41806144836539
Map2,15,GA,6,1648.54678561548,0.6227586731720542,44.83005637135829
Map2,16,GA,6,1541.8880540672205,0.8139194744784835,47.23746133343334
Map2,17,GA,6,1684.5736131664914,1.0984405789508802,42.559993249448986
Map2,18,GA,6,2338.5203443849473,1.1889468454861714,64.71801858824931
Map2,19,GA,6,1682.275637183959,0.7748846783599141,41.986750280017155
Map2,20,GA,6,2181.5149067474326,0.8222080665828972,72.83165637985871
Map2,1,GA,7,2279.13927064029,1.077034560910553,63.9233801476264
Map2,2,GA,7,1455.5664197824551,0.7435857325112565,52.844099491535125
Map2,3,GA,7,1499.669566590046,0.6812157083521697,49.03424881980334
Map2,4,GA,7,2121.7107471635045,1.1739282891522702,69.66841971477442
Map2,5,GA,7,1382.489253276119,0.8844555189138497,55.05692395779017
Map2,6,GA,7,1735.2392397470949,0.9018324738049373,54.20511619140117
Map2,7,GA,7,1466.0665227898623,0.6641965531470113,43.43873432956762
Map2,8,GA,7,1264.8413978626372,0.8343835393839143,36.33598751632544
Map2,9,GA,7,1482.4942690490095,0.955959312406307,33.074806961348195
Map2,10,GA,7,1700.3626316834757,0.9598986282855027,45.63413808154769
Map2,11,GA,7,1943.8067608276917,1.3960370477464323,68.881139888141
Map2,12,GA,7,1593.8913128539464,0.8149917012916372,49.9980725922383
Map2,13,GA,7,1961.4000538464466,0.9630503818651324,62.81382973217952
Map2,14,GA,7,1436.578716016424,0.7047745185220577,40.1705991482608
Map2,15,GA,7,1727.3238547914634,0.7414897594451162,47.61479735165857
Map2,16,GA,7,1618.427291213372,1.0705696565338751,42.29493720059016
Map2,17,GA,7,1695.8468496656906,1.0253681896635154,54.93521654220519
Map2,18,GA,7,2250.882086704997,1.268224226453988,70.42101797430085
Map2,19,GA,7,1602.5489200092588,0.6050637105069256,47.22188584875744
Map2,20,GA,7,2327.926763626078,0.8592670240430085,81.27147146579047
Map2,1,GA,8,2467.871267349871,1.0340239671902918,63.63306830946427
Map2,2,GA,8,1547.259321663292,0.873209468836734,47.633999650358454
Map2,3,GA,8,1354.657333252425,0.6379607172369575,46.120554019204796
Map2,4,GA,8,2093.7040364782797,1.103934105501823,72.39934021210249
Map2,5,GA,8,1499.9317136340537,1.125862625127759,47.22535265787593
Map2,6,GA,8,1581.6313935177363,0.765875374165784,55.53467354207163
Map2,7,GA,8,1986.3804914035586,0.9606628967217219,46.994004335432
Map2,8,GA,8,1307.0207684589657,0.9411389462426953,36.79197011970486
Map2,9,GA,8,1306.438399984637,0.77268084497587,41.127579295799904
Map2,10,GA,8,1531.9433101989441,0.9164612618600945,57.532192701587014
Map2,11,GA,8,2051.184567637173,1.504199063945407,67.78827930811642
Map2,12,GA,8,1481.3156244345068,0.7666875099645285,51.61801174986588
Map2,13,GA,8,2037.7864034714387,1.1409694507674732,59.21597930353911
Map2,14,GA,8,1302.4645224544383,0.6215869127423446,46.30817775290866
Map2,15,GA,8,1784.8901091180219,0.757132345668861,45.22149122659284
Map2,16,GA,8,1456.8748798960676,1.0843840780720573,54.25160232268739
Map2,17,GA,8,1879.29141656922,1.1292618407310062,53.54645924792221
Map2,18,GA,8,2087.639887158667,1.066249452902781,71.43542969017864
Map2,19,GA,8,1645.3568965228822,0.8148681412881409,52.56180731580135
Map2,20,GA,8,2382.1807667201706,0.8498741239003831,76.46175551825998
Map2,1,GA,9,2371.993852649286,0.9942392645653069,67.71985229401929
Map2,2,GA,9,1701.9977053636799,0.8910645209299801,51.380560087492846
Map2,3,GA,9,1517.1226452553826,0.7472163008111004,48.909437067853496
Map2,4,GA,9,2238.254795079243,1.0703662754076735,60.01581434396443
Map2,5,GA,9,1555.3470667964868,0.9687235801313818,45.917562123345824
Map2,6,GA,9,1950.8701262211732,1.0578174629521655,55.67576740639035
Map2,7,GA,9,1745.0119491522742,0.8053731216551157,47.49413415841574
Map2,8,GA,9,1302.0944356760647,0.7281961187210158,34.878721755040054
Map2,9,GA,9,1518.8056620958296,0.8446011056118969,41.1401776805187
Map2,10,GA,9,1661.6966456417995,0.92998551337549,49.929726914050136
Map2,11,GA,9,1876.1818626099441,1.3684110969826122,62.476178527288006
Map2,12,GA,9,1563.961477240803,0.8334816926417279,49.429761860230215
Map2,13,GA,9,1778.3303676321427,0.90055426157471,62.22859990174675
Map2,14,GA,9,1399.030387644391,0.643532754946861,32.72228293002834
Map2,15,GA,9,1699.3720472021741,0.6748636685816827,52.84150325042221
Map2,16,GA,9,1587.7661889299322,0.9039871965265878,47.93557211351539
Map2,17,GA,9,1772.6249746103263,1.0459697745157026,51.71214164907715
Map2,18,GA,9,1998.0916013856797,1.2185152600069244,70.11562421475321
Map2,19,GA,9,1698.400274688625,0.8612512910439172,49.333551257426315
Map2,20,GA,9,2650.090657176515,0.7714097506287221,68.58362879068781
Map2,1,GA,10,2395.3053829867117,1.14085482244875,71.10294710939709
Map2,2,GA,10,1638.8400629626617,0.7405472226035386,64.29453780479605
Map2,3,GA,10,1603.5759336126175,0.8376150715343975,44.351654237375215
Map2,4,GA,10,2180.694327875001,1.4283491532863994,56.80495281638908
Map2,5,GA,10,1423.6098739892846,0.9405617433408011,42.04132270392282
Map2,6,GA,10,1856.4263203146472,0.9858456274109031,49.0047083584266
Map2,7,GA,10,1464.5823064509134,0.7711028321113318,61.79266629645394
Map2,8,GA,10,1259.5004537478064,0.7778510845543991,39.40026256624646
Map2,9,GA,10,1335.6827799041264,0.700908094389959,40.18909846091779
Map2,10,GA,10,1548.4540127079163,0.9966798587322305,49.42721127812384
Map2,11,GA,10,1889.5773040390995,1.374988274265295,66.02374910804673
Map2,12,GA,10,1487.8602096778689,0.8955680807661377,41.02024945082534
Map2,13,GA,10,1967.0630540606571,1.1385663081629875,54.585064902452565
Map2,14,GA,10,1350.627395778439,0.718727997457929,44.47325863322667
Map2,15,GA,10,1643.9515086429205,0.5908319321990518,50.47969133496766
Map2,16,GA,10,1563.232741549327,0.9724647124456585,40.48360205555627
Map2,17,GA,10,1607.3587945365198,0.9265818271746884,55.848636882853235
Map2,18,GA,10,2193.080002400447,1.1092383420890606,58.62496929844837
Map2,19,GA,10,1564.9046424559158,0.8404074147299596,41.017086828946134
Map2,20,GA,10,2365.355290046567,0.8810901865124041,68.13968498775549
Map2,1,ACO,1,1550.3994228357337,0.7231595943170799,118.3234181832597
Map2,2,ACO,1,1214.1170201437562,0.6071107993503375,86.108931916295
Map2,3,ACO,1,1050.370721913521,0.5295700530022103,86.36030986037986
Map2,4,ACO,1,1494.1514462749901,0.8393246676861263,111.45271891633907
Map2,5,ACO,1,1115.3931644675956,0.7557122782839159,80.5177504920961
Map2,6,ACO,1,1171.3627613539145,0.5500846432466204,101.057701232241
Map2,7,ACO,1,1208.5125109288879,0.5742869515643783,92.5678820932445
Map2,8,ACO,1,969.9614739003556,0.727983311657411,70.45291086397079
Map2,9,ACO,1,959.6368280572008,0.5401423818312558,76.04912298784011
Map2,10,ACO,1,1134.0215299751858,0.6947118324470285,91.13466750832094
Map2,11,ACO,1,1263.5806005925283,0.8618892378917238,111.00392186702797
Map2,12,ACO,1,1008.4011714051495,0.5408309982226331,91.51096184068803
Map2,13,ACO,1,1369.1855699187827,0.7702319964442541,96.98403986334782
Map2,14,ACO,1,1060.9179959189353,0.4565573570949546,74.94562937242162
Map2,15,ACO,1,1159.5633355679574,0.4972956890467586,95.53719210227675
Map2,16,ACO,1,1121.958127272096,0.7801567958314397,84.33904672557856
Map2,17,ACO,1,1184.136348939473,0.7127572483377289,98.79611895946353
Map2,18,ACO,1,1539.0590617631594,0.8146008977194903,112.48600196404887
Map2,19,ACO,1,1117.7091349858167,0.5853094376414383,95.45034527481089
Map2,20,ACO,1,1596.1040044347028,0.5811098877077097,124.83631739526008
Map2,1,ACO,2,1567.5251377613924,0.7440374765957234,112.42152216868634
Map2,2,ACO,2,1187.1871304415477,0.5364579642414249,92.3658294893891
Map2,3,ACO,2,1028.974527896957,0.5251902510224475,92.30840299358564
Map2,4,ACO,2,1450.9271715131465,0.831270331724971,115.11565461190142
Map2,5,ACO,2,1031.4545878211363,0.7897309269028803,87.90988637838643
Map2,6,ACO,2,1239.2650088309217,0.6771439598957016,95.80692028987575
Map2,7,ACO,2,1152.6065176684237,0.583838195627024,90.59926663104879
Map2,8,ACO,2,917.0083290216359,0.6883405919647707,75.79647977413957
Map2,9,ACO,2,945.7320376060808,0.5083687409324185,83.11352290202291
Map2,10,ACO,2,1239.695249042782,0.7272655894518341,81.89860119030541
Map2,11,ACO,2,1367.455378579901,1.0048602435811382,106.37915498359634
Map2,12,ACO,2,1105.971465655451,0.6800353203272618,86.78560770882568
Map2,13,ACO,2,1280.96263851964,0.7183321491539036,104.75391441254101
Map2,14,ACO,2,1003.1498800560718,0.4070895845475775,81.05810183245387
Map2,15,ACO,2,1198.8569302954224,0.4774645480405084,88.96995924985991
Map2,16,ACO,2,1141.4578108529984,0.823302134328566,83.79490696612106
Map2,17,ACO,2,1170.7597939169132,0.6205648797142427,99.99513356721918
Map2,18,ACO,2,1456.2994904682428,0.8652756692561709,115.95274601873626
Map2,19,ACO,2,1164.263232882257,0.5404535354850779,86.7313616266184
Map2,20,ACO,2,1701.8397958065689,0.6230299511468349,117.94491274385982
Map2,1,ACO,3,1499.1711336139538,0.6639941019845299,121.99710884271254
Map2,2,ACO,3,1122.0072578770926,0.5408824504149266,99.48908176339592
Map2,3,ACO,3,1063.2594320827645,0.4690983407612812,84.73005037289467
Map2,4,ACO,3,1546.8442741563026,0.9537352695012071,107.1236912430201
Map2,5,ACO,3,1071.5456669249345,0.7544897736694409,86.46438366516485
Map2,6,ACO,3,1296.2681563561027,0.675769298407193,94.19338880346817
Map2,7,ACO,3,1168.3537953972018,0.566864143776229,96.25552619922756
Map2,8,ACO,3,971.4773750979041,0.7159421041749319,70.49336421788888
Map2,9,ACO,3,964.7414061229417,0.5671874152556988,75.7674286696355
Map2,10,ACO,3,1170.1584364601567,0.6396802742498036,89.50821730559821
Map2,11,ACO,3,1379.743376521176,1.0175013156546129,102.1442831168482
Map2,12,ACO,3,1057.820971309569,0.6325986806988535,92.13012305068642
Map2,13,ACO,3,1302.80413713342,0.6704970648164039,101.76990610068688
Map2,14,ACO,3,1007.3866267418731,0.46826153628954614,80.53901949868683
Map2,15,ACO,3,1151.4237235421588,0.49498565736728395,97.31733646916592
Map2,16,ACO,3,1081.5835876158887,0.7622246062067202,90.62212228598686
Map2,17,ACO,3,1152.1243754192103,0.6311724958978768,101.15928426201255
Map2,18,ACO,3,1414.5696103957919,0.6999657698802935,122.95592240568526
Map2,19,ACO,3,1115.8212531365007,0.506370377954525,93.5394995104378
Map2,20,ACO,3,1608.6846705373853,0.5723048064724434,123.00605211845449
Map2,1,ACO,4,1472.654814794186,0.6486541955697067,123.22800093180494
Map2,2,ACO,4,1186.9419046562398,0.5247068773853947,93.63102573750392
Map2,3,ACO,4,991.7544278427673,0.4633638380310181,94.92299788587205
Map2,4,ACO,4,1527.6596203323377,0.9756660778967419,105.4115890022668
Map2,5,ACO,4,1039.9918262168542,0.7427522520470262,88.55873351985798
Map2,6,ACO,4,1255.8125609305794,0.6225802704548542,95.8551302468859
Map2,7,ACO,4,1180.1492427173516,0.6134717192278636,93.77957279432823
Map2,8,ACO,4,922.4011338446581,0.6420927926055953,75.94192936051941
Map2,9,ACO,4,950.3993949918236,0.5024065713773744,81.94061831838883
Map2,10,ACO,4,1170.4333866960746,0.7189961603061494,88.00744136874945
Map2,11,ACO,4,1301.035464199422,0.9254904275465492,108.8748732652892
Map2,12,ACO,4,1025.5399931059312,0.5679663502047294,89.92082793778623
Map2,13,ACO,4,1278.9209168690752,0.6797403161233557,107.31833561359903
Map2,14,ACO,4,977.9699859776965,0.41325385499317946,83.35077635389733
Map2,15,ACO,4,1206.3111026236052,0.47070009063149953,93.4218213813811
Map2,16,ACO,4,998.3562288019433,0.6743607311140725,92.8239624024434
Map2,17,ACO,4,1087.0353329462396,0.6114302958367421,105.65262091969771
Map2,18,ACO,4,1425.044502227283,0.7177710799268233,119.33903753783702
Map2,19,ACO,4,1142.5378134105779,0.5281399877584185,91.25979324540816
Map2,20,ACO,4,1595.248594138734,0.6237475183519319,124.70700648647808
Map2,1,ACO,5,1478.8177822609025,0.6624521094988634,124.79737908029566
Map2,2,ACO,5,1127.6316757675202,0.5804322949542993,95.54070209758805
Map2,3,ACO,5,1051.1023333686305,0.48421326968174583,90.08825708545692
Map2,4,ACO,5,1510.0614851938842,0.8388480756637247,112.46682654077229
Map2,5,ACO,5,1058.150116251329,0.6695899081862144,81.61388547161083
Map2,6,ACO,5,1186.1816567291385,0.6037829020358281,98.92629425075235
Map2,7,ACO,5,1246.2567855232007,0.6409403184441835,84.50705001854585
Map2,8,ACO,5,902.1066079179028,0.6500734623612772,77.966754448153
Map2,9,ACO,5,1064.2052563579336,0.5369028649456844,65.60643022838535
Map2,10,ACO,5,1207.530970292298,0.6922221016829209,85.63189734941113
Map2,11,ACO,5,1301.7273649729793,0.9517493722554455,111.17820258218097
Map2,12,ACO,5,1077.149147666528,0.6376541758720062,89.63925806913653
Map2,13,ACO,5,1287.9799762431508,0.7274713828506076,101.99869974655046
Map2,14,ACO,5,967.5049601623207,0.4126019878370961,85.37916397794088
Map2,15,ACO,5,1122.9979200910227,0.41351602325051573,102.18189292277826
Map2,16,ACO,5,1146.7101818237672,0.8608298062341131,79.4707426064864
Map2,17,ACO,5,1167.797072334221,0.6926634529368147,100.4758699638495
Map2,18,ACO,5,1468.4006614306152,0.7500685706124628,116.79996484924857
Map2,19,ACO,5,1178.6825770058165,0.5802232415761992,86.71896893547533
Map2,20,ACO,5,1603.0497981075061,0.6201578278419202,125.72768757728434
Map2,1,ACO,6,1468.8241298705095,0.6287723240512317,125.2495205182856
Map2,2,ACO,6,1128.0170882882683,0.5469191587385964,93.00622136398144
Map2,3,ACO,6,1182.5397562062744,0.5665422740524164,77.96301518366954
Map2,4,ACO,6,1420.7028720365915,0.8790893898738847,116.4726295132769
Map2,5,ACO,6,1141.2677583028744,0.7420193050468029,77.91263281643135
Map2,6,ACO,6,1195.3937303762261,0.5732590636006485,97.36658570135383
Map2,7,ACO,6,1096.9657725813968,0.47392823845448007,103.40457249920637
Map2,8,ACO,6,976.2567904870203,0.7572846708704191,70.10653181195396
Map2,9,ACO,6,1024.5511361561742,0.6011369818812149,75.45184829310105
Map2,10,ACO,6,1068.5131448257189,0.6326812157606074,100.402156181739
Map2,11,ACO,6,1321.2599624400543,0.9501804500079274,107.89353487590445
Map2,12,ACO,6,1053.1600451342129,0.6046633463081807,91.1699867654184
Map2,13,ACO,6,1264.2078571625175,0.6297797273445003,109.41116080258473
Map2,14,ACO,6,1018.7510182970966,0.45031852760834923,79.51594222271181
Map2,15,ACO,6,1205.6675131625684,0.5065275735876327,94.14557243523228
Map2,16,ACO,6,1044.5071979963009,0.6887400416175229,92.25825717363695
Map2,17,ACO,6,1203.5635997803795,0.64277963839214,96.23693852509156
Map2,18,ACO,6,1438.5592444033653,0.7547912544434823,120.38115629007396
Map2,19,ACO,6,1118.1919574356891,0.47408658704663154,94.59765704264721
Map2,20,ACO,6,1578.0078532593034,0.6296658696579858,127.91092490346024
Map2,1,ACO,7,1413.1484095227431,0.6495491301182401,125.97594541312094
Map2,2,ACO,7,1119.906419267126,0.5884903635092691,99.0865352876914
Map2,3,ACO,7,1011.4674792985551,0.4814058451699026,92.41334845767432
Map2,4,ACO,7,1397.5619786727352,0.8197954062337747,113.2810042308045
Map2,5,ACO,7,1084.4883270365756,0.7287924127462801,86.32485440022315
Map2,6,ACO,7,1249.5799890063047,0.6821279760903209,100.06645344841465
Map2,7,ACO,7,1139.1203733214224,0.5359457283898763,92.14531713105825
Map2,8,ACO,7,939.526496247367,0.6712057987867475,72.10565253123046
Map2,9,ACO,7,955.1684690190125,0.4783737442243243,82.28624361216858
Map2,10,ACO,7,1141.69741807712,0.6659191271762328,94.15369862401155
Map2,11,ACO,7,1293.360118902142,0.9318589835213089,111.54243884147044
Map2,12,ACO,7,1089.0290037815726,0.638790193714188,83.67323484232894
Map2,13,ACO,7,1265.437277291006,0.6219395934395298,108.80677172729592
Map2,14,ACO,7,1065.2298001796312,0.42240817032227795,71.86209070219358
Map2,15,ACO,7,1160.2404924186915,0.4569329891475178,96.27428303260209
Map2,16,ACO,7,1037.8221334949856,0.7974646404110448,90.43964781388739
Map2,17,ACO,7,1173.92502389485,0.6360157385292435,98.35127859542847
Map2,18,ACO,7,1528.977680705836,0.7976479604214148,115.45120973734133
Map2,19,ACO,7,1118.9686261124084,0.5269108674243199,90.41821901355777
Map2,20,ACO,7,1504.6836975242952,0.5808818888337886,130.78286873928755
Map2,1,ACO,8,1519.25604360516,0.6833223112171982,116.64118466337656
Map2,2,ACO,8,1194.241842818129,0.5366071347317813,91.2436820358105
Map2,3,ACO,8,1025.711191161856,0.49808941641993343,92.50316904248214
Map2,4,ACO,8,1362.0115681513446,0.8668807563698433,121.29419498646034
Map2,5,ACO,8,1056.1437247859167,0.6662405502926312,87.86113091540317
Map2,6,ACO,8,1265.880247643348,0.6689567427115044,95.26002862882868
Map2,7,ACO,8,1235.6792567120362,0.561208074899195,85.28599530185843
Map2,8,ACO,8,910.760144850937,0.6257415075643387,73.22665930027753
Map2,9,ACO,8,1024.8924074175666,0.5579727207253988,72.97985661695789
Map2,10,ACO,8,1093.9448578915224,0.6691802711378134,98.46239740881768
Map2,11,ACO,8,1308.6918117449513,0.9025296182803153,112.81788641922839
Map2,12,ACO,8,1063.476334646038,0.6834535328439113,91.17886185874485
Map2,13,ACO,8,1266.9320244094756,0.7190838841178344,106.24209266374899
Map2,14,ACO,8,977.2540671217149,0.4258122007478633,83.86709508929884
Map2,15,ACO,8,1099.7984571162986,0.4815082147570422,95.54777976569271
Map2,16,ACO,8,1004.3185517903133,0.6800604163619663,95.27249641553941
Map2,17,ACO,8,1190.958926529599,0.699351374355933,98.51479583105434
Map2,18,ACO,8,1453.696640895474,0.7309486766624715,118.77314350104399
Map2,19,ACO,8,1114.3513697668263,0.4543761628378,89.93185312619578
Map2,20,ACO,8,1642.494166539107,0.6185263964649597,114.8968690518228
Map2,1,ACO,9,1481.8209822075466,0.6460229148175092,117.4125734467962
Map2,2,ACO,9,1204.7077767845167,0.6269855569988358,90.05916038756018
Map2,3,ACO,9,1040.423081663358,0.5217094955610939,89.79140170268279
Map2,4,ACO,9,1375.0629566759765,0.7683054329243593,121.50030667901015
Map2,5,ACO,9,1090.2732311157727,0.7511144610067468,88.13406390195593
Map2,6,ACO,9,1320.685100115099,0.6496540363936951,89.97248020735636
Map2,7,ACO,9,1202.4564641161815,0.5240504348436765,92.52961077620455
Map2,8,ACO,9,1043.8042736461916,0.6842946881895458,63.74348399426678
Map2,9,ACO,9,956.7453798214394,0.5816301416348537,81.99561116653224
Map2,10,ACO,9,1151.8746512775053,0.6202067201157551,92.44120799683168
Map2,11,ACO,9,1317.3952102086973,0.9479423516213039,111.04283223677271
Map2,12,ACO,9,1101.207065319689,0.6152522780119174,85.51590671595325
Map2,13,ACO,9,1235.5578435340424,0.6323798115175183,105.19560520867742
Map2,14,ACO,9,969.2137454347396,0.38514258872579177,80.55113794303027
Map2,15,ACO,9,1126.2179178734257,0.4389386894685572,99.78504286506717
Map2,16,ACO,9,1131.512842516265,0.8053482585716392,83.56605436065982
Map2,17,ACO,9,1197.5127467669722,0.6164708495667934,98.9430861134469
Map2,18,ACO,9,1347.6303552902018,0.6680551573473643,131.1587552185426
Map2,19,ACO,9,1118.3290995728428,0.47402924511169786,91.62272104813849
Map2,20,ACO,9,1575.6646100620746,0.6084058850681746,128.37722769854062
Map2,1,ACO,10,1421.1986665536062,0.6955026737877912,132.57085297787668
Map2,2,ACO,10,1254.582830824511,0.7025629835903011,85.47253701898471
Map2,3,ACO,10,1048.77943213095,0.49690150447528225,90.92409845825718
Map2,4,ACO,10,1477.6195678981023,0.9279834710423724,114.15548121090637
Map2,5,ACO,10,1052.1387422385321,0.6953881986702726,86.02465560377726
Map2,6,ACO,10,1203.4388065910946,0.6002474539118339,101.28725357105233
Map2,7,ACO,10,1174.4898394526176,0.5518755603313608,94.79022946573615
Map2,8,ACO,10,886.0133423739802,0.6689969985737854,78.05365471731274
Map2,9,ACO,10,974.006025309065,0.5302157049549088,78.3911571221941
Map2,10,ACO,10,1135.26469725567,0.6382246814357639,94.96370336076883
Map2,11,ACO,10,1326.8777351797046,0.9138095044394596,108.44328587054143
Map2,12,ACO,10,1075.0788190097978,0.5685053263910138,87.84636332738427
Map2,13,ACO,10,1329.4579094239496,0.7146550381725394,105.33290644856832
Map2,14,ACO,10,1010.9867028945055,0.4404190337466787,80.5090295907011
Map2,15,ACO,10,1215.7456263065524,0.4845521451189292,94.2669291168772
Map2,16,ACO,10,1064.9242777622335,0.6923615584438796,91.06554607360586
Map2,17,ACO,10,1136.2328124982143,0.6561901548836975,99.06725223526084
Map2,18,ACO,10,1439.467119660393,0.747297467198198,119.98056596248139
Map2,19,ACO,10,1113.4286265600495,0.5026433142660665,95.3179790800813
Map2,20,ACO,10,1603.0216767237212,0.579779046750188,123.5391732397965
