Cluster,Route
1,"[2, 59, 153, 123, 183, 182, 184, 180, 181, 240, 211, 269, 239, 300, 270, 299, 152, 124, 94, 95, 63, 93, 30, 31, 60, 1, 0, 5, 4, 64, 35, 121, 122, 207, 208, 237, 236, 296, 266, 295, 238, 267, 177, 178, 149, 119, 150, 179, 209, 120, 151, 92, 91, 154, 213, 241, 271, 212, 242, 210, 297, 268, 298, 118, 148, 89, 90, 61, 62, 33, 34, 3, 32, 65]"
2,"[216, 250, 280, 279, 310, 309, 339, 335, 336, 247, 249, 219, 217, 218, 245, 246, 275, 274, 304, 214, 244, 215, 243, 273, 272, 331, 301, 332, 361, 362, 391, 392, 363, 393, 364, 394, 365, 395, 366, 338, 396, 367, 397, 368, 337, 308, 307, 306, 277, 305, 276, 333, 303, 302, 334, 248, 278, 220]"
3,"[14, 6, 36, 7, 37, 9, 10, 102, 72, 73, 11, 41, 40, 70, 99, 100, 190, 132, 161, 101, 131, 71, 97, 127, 126, 156, 125, 185, 155, 157, 186, 187, 158, 188, 159, 189, 130, 160, 128, 129, 98, 96, 67, 66, 8, 68, 38, 69, 39, 42, 12, 43, 13, 44]"
4,"[20, 79, 50, 198, 169, 104, 106, 105, 76, 75, 46, 17, 15, 16, 45, 47, 107, 78, 167, 137, 196, 192, 193, 162, 191, 133, 163, 134, 135, 164, 136, 253, 252, 282, 311, 254, 283, 284, 312, 256, 314, 285, 313, 255, 225, 227, 197, 226, 168, 195, 166, 165, 48, 77, 19, 49, 18, 139, 109, 138, 108, 224, 194, 223, 251, 281, 221, 222, 103, 74, 80]"
5,"[29, 28, 58, 23, 110, 81, 171, 170, 173, 172, 202, 201, 174, 203, 205, 204, 146, 175, 83, 84, 53, 54, 24, 25, 21, 52, 22, 51, 82, 140, 111, 141, 112, 142, 113, 143, 144, 114, 115, 85, 57, 55, 56, 26, 86, 27, 117, 87, 145, 116, 147, 176, 206, 88]"
6,"[636, 756, 776, 755, 777, 735, 736, 714, 695, 694, 654, 673, 653, 633, 632, 635, 634, 675, 655, 698, 697, 659, 678, 638, 637, 639, 660, 661, 680, 681, 701, 702, 721, 722, 743, 720, 742, 700, 679, 699, 658, 677, 657, 676, 656, 759, 739, 758, 757, 738, 737, 696, 715, 674, 717, 716, 719, 718, 741, 740, 640]"
7,"[763, 801, 782, 839, 820, 857, 838, 836, 837, 816, 817, 796, 798, 778, 818, 797, 780, 800, 823, 861, 842, 935, 909, 959, 934, 910, 884, 885, 841, 860, 840, 859, 822, 821, 803, 802, 761, 783, 784, 762, 804, 825, 824, 844, 843, 864, 863, 886, 862, 858, 883, 856, 819, 779, 799, 760, 781, 785]"
8,"[666, 706, 748, 747, 768, 727, 728, 686, 707, 645, 665, 644, 664, 642, 643, 641, 682, 662, 723, 703, 764, 744, 765, 724, 745, 684, 685, 683, 663, 704, 705, 725, 746, 726, 805, 786, 806, 767, 787, 766, 788, 807, 789, 808, 769]"
9,"[795, 775, 733, 712, 732, 690, 711, 708, 709, 749, 729, 790, 791, 770, 792, 750, 771, 751, 774, 773, 753, 793, 752, 772, 731, 730, 710, 689, 669, 647, 648, 646, 667, 687, 668, 688, 649, 670, 650, 672, 693, 651, 652, 691, 671, 713, 692, 754, 734, 794]"
10,"[1000, 974, 924, 950, 899, 900, 972, 948, 973, 923, 949, 898, 897, 872, 920, 895, 919, 894, 969, 945, 970, 946, 999, 997, 998, 971, 947, 921, 922, 853, 873, 854, 874, 852, 813, 832, 811, 850, 810, 849, 809, 830, 829, 868, 848, 869, 831, 870, 833, 851, 815, 835, 814, 834, 812, 871, 896, 996]"
11,"[1192, 1067, 1117, 1092, 1167, 1142, 1168, 1144, 1143, 1119, 1118, 1122, 1172, 1123, 1149, 1124, 1173, 1197, 1174, 1198, 1150, 1199, 1100, 1050, 1071, 1048, 1047, 1022, 1023, 1020, 1021, 995, 1046, 1019, 1070, 1045, 1069, 1043, 1068, 1093, 1145, 1169, 1147, 1146, 1148, 1195, 1171, 1196, 1044, 1094, 1095, 1120, 1096, 1121, 1098, 1097, 1072, 1099, 1073, 1074, 1049, 1024, 1194, 1170, 1193, 1191]"
12,"[1041, 1042, 1014, 964, 988, 989, 962, 963, 913, 938, 888, 887, 889, 939, 914, 1015, 990, 992, 991, 1016, 967, 1017, 1018, 993, 994, 942, 943, 941, 916, 915, 965, 940, 966, 917, 944, 918, 968, 867, 847, 828, 846, 827, 845, 826, 865, 893, 866, 892, 890, 891, 937, 912, 936, 911, 961]"
13,"[1183, 1062, 1011, 1038, 1012, 1065, 1040, 1066, 1115, 1116, 1188, 1189, 1163, 1114, 1113, 1164, 1139, 1165, 1140, 1190, 1141, 1166, 1091, 1039, 1063, 1013, 986, 987, 960, 984, 1009, 985, 1034, 1035, 1059, 1110, 1109, 1135, 1184, 1160, 1185, 1161, 1186, 1162, 1187, 1061, 1060, 1037, 1010, 1036, 1084, 1086, 1085, 1136, 1159, 1137, 1138, 1111, 1112, 1087, 1088, 1064, 1089, 1090, 1134]"
14,"[1004, 881, 906, 855, 882, 957, 932, 958, 908, 933, 931, 907, 905, 880, 929, 930, 955, 956, 983, 1008, 982, 1007, 981, 1006, 980, 1005, 979, 978, 953, 1002, 977, 975, 976, 951, 952, 925, 926, 875, 901, 876, 902, 878, 877, 879, 904, 927, 928, 903, 954, 1003, 1001]"
15,"[1175, 1080, 1105, 1032, 1058, 1033, 1082, 1083, 1158, 1181, 1182, 1155, 1180, 1129, 1154, 1102, 1126, 1101, 1152, 1127, 1177, 1176, 1178, 1153, 1179, 1157, 1156, 1131, 1130, 1104, 1128, 1078, 1103, 1026, 1052, 1027, 1053, 1028, 1054, 1029, 1031, 1030, 1057, 1055, 1056, 1079, 1106, 1081, 1133, 1108, 1107, 1132, 1076, 1077, 1075, 1051, 1025, 1151, 1125]"
16,"[615, 469, 470, 411, 441, 412, 471, 442, 501, 500, 530, 525, 553, 554, 524, 526, 496, 559, 558, 589, 560, 586, 616, 585, 614, 584, 613, 495, 494, 436, 465, 437, 466, 438, 467, 440, 410, 468, 439, 497, 498, 527, 499, 528, 529, 587, 588, 617, 619, 618, 557, 555, 556, 583, 612]"
17,"[406, 259, 228, 200, 199, 230, 229, 320, 290, 349, 319, 348, 318, 347, 317, 346, 376, 377, 407, 378, 408, 409, 379, 380, 235, 265, 293, 294, 353, 324, 382, 383, 381, 323, 352, 322, 351, 233, 262, 232, 234, 263, 264, 321, 292, 350, 261, 291, 231, 289, 260, 258, 287, 257, 288, 286, 315, 316, 345, 375]"
18,"[605, 582, 581, 523, 492, 547, 489, 518, 517, 458, 457, 340, 341, 343, 342, 373, 344, 374, 402, 404, 403, 434, 433, 405, 435, 551, 552, 609, 580, 607, 608, 548, 578, 520, 549, 490, 519, 432, 461, 372, 401, 371, 429, 400, 576, 546, 606, 577, 611, 610, 550, 579, 522, 521, 462, 491, 463, 493, 464, 431, 460, 430, 459, 487, 488, 428, 369, 399, 370, 427, 398, 516]"
19,"[626, 484, 485, 455, 456, 426, 486, 514, 515, 544, 545, 542, 543, 601, 602, 630, 631, 628, 538, 422, 451, 452, 569, 599, 600, 629, 571, 570, 573, 572, 603, 575, 574, 604, 512, 513, 540, 541, 568, 598, 597, 627, 509, 539, 480, 510, 511, 481, 482, 423, 453, 424, 454, 425, 483, 421, 450]"
20,"[325, 413, 561, 591, 590, 621, 620, 593, 622, 562, 592, 504, 533, 594, 623, 624, 596, 625, 508, 419, 420, 390, 449, 478, 479, 477, 507, 566, 537, 567, 418, 448, 360, 389, 330, 358, 359, 328, 329, 356, 326, 387, 357, 417, 388, 416, 386, 444, 414, 474, 445, 476, 446, 532, 503, 502, 531, 473, 472, 385, 384, 355, 354, 415, 443, 475, 536, 534, 535, 563, 595, 564, 565, 505, 506, 447, 327]"
