1,526,527,528,529,530,531,532,533,534,478,479,480,481,482,483,484,440,441,439,438,437,436,435,434,392,391,390,393,394,395,396,629,628,627,626,625,624,623,622,621,667,668,669,670,671,672,673,674,714,715,716,717,718,719,720,764,765,763,581,582,583,580,579,578,577,576
2,948,949,950,951,952,953,954,955,956,910,909,908,907,906,905,904,903,994,995,996,998,999,1000,1001,997,1039,1040,1041,1042,1043,1044,860,859,858,857,861,862,863,864,819,818,817,816,815,814,813,812,769,768,767,766,770,771,772,773,727,726,725,724,723,722,721,676,675,677,678,679,682,681,680
3,607,608,609,610,653,654,559,558,557,560,561,562,563,564,565,515,516,514,513,512,511,510,509,508,466,465,464,467,468,469,470,471,472,473,428,429,426,427,424,423,422,421,420,425,382,381,380,379,378,377,376,383,384,337,336,335,334,333,332,338,339,294,293,292,291,290,247,248,249,250,210
4,500,499,498,501,502,503,504,505,506,507,553,554,555,556,552,551,550,549,548,599,600,601,602,603,604,645,646,419,418,417,416,415,414,413,412,411,410,367,368,369,370,371,372,373,374,375,329,330,328,327,326,325,324,323,285,284,283,282,281,280,237,238,239,240,200,463,462,461,460,459,458,457,456,455,454,453
5,319,320,321,318,317,273,274,275,276,277,278,279,198,199,197,196,195,194,193,192,191,190,229,230,231,232,233,234,235,236,161,160,159,158,157,156,155,154,153,152,151,122,121,120,119,118,117,116,115,114,113,83,84,82,81,80,79,78,77,76,75,42,41,40,39,38,37,0,1,2,3,4,5,6,7,8,46,45,44,43
6,363,364,365,366,322,409,408,407,452
7,971,972,973,974,975,976,977,978,979,980,981,935,932,933,934,931,930,929,928,927,926,882,881,880,883,884,885,886,887,888,842,841,840,839,838,837,836,835,795,794,793,792,791,790,789,796,750,749,748,747,746,745,744,699,700,701,702,703,657,656,655,611,1049,1048,1050,1021,1022,1023,1024,1025,1026,1020,1019,1018,1017
8,58,60,59,61,62,63,64,65,66,105,104,103,102,101,100,99,98,97,96,172,173,174,175,176,177,178,179,180,181,142,141,140,138,137,136,135,134,139,215,214,213,212,211,216,217,218,219,258,257,256,255,254,253,252,251,301,300,299,298,297,296,295,342,341,340,343,344,345,385,386,26,27,28,29,25,24,23,22,21,20
9,593,594,595,596,597,598,546,547,545,544,497,496,495,688,689,690,687,686,685,684,683,639,638,637,640,641,642,643,644,729,728,730,731,732,733,734,735,778,779,780,781,777,776,775,774,820,821,822,823,824,825,826,869,870,871,872,868,867,866,865,911,912,913,914,915,916,917,959,960,961,962,957,958,1008,1007,1006,1005,1004,1003,1002
10,346,347,348,349,350,351,352,353,265,264,263,262,261,260,259,302,303,304,305,306,307,308,227,226,225,224,223,222,221,220,182,183,184,185,186,187,188,189,150,149,148,147,146,145,144,143,109,108,107,106,110,111,112,73,74,72,71,70,69,68,67,34,33,32,31,30,36,35
11,876,877,878,879,875,874,873,834,833,832,831,830,829,828,827,785,786,787,788,784,783,782,741,740,739,738,737,736,742,743,698,697,696,695,694,693,692,691,648,647,649,650,651,652,605,606,970,969,968,967,966,965,964,963,1009,1010,1011,1012,1013,1014,1015,1016,1047,922,923,924,925,921,920,919,918
12,1027,1028,1029,1030,1031,1032,1033,1034,1035,1036,1037,1038,1051,1052,1053,1054,1055,1056,900,901,902,899,898,897,896,895,894,893,892,855,856,854,853,852,851,850,849,848,847,811,810,809,808,807,806,805,804,803,802,762,761,760,759,758,757,713,712,982,983,984,985,986,987,988,989,990,991,992,993,946,947,945,944,943,942,941,940,939,938,937
13,203,204,205,206,207,208,209,201,202,241,242,243,244,245,246,286,287,288,289,331,85,86,87,88,89,90,91,92,93,94,95,57,56,55,54,53,52,51,50,49,48,47,18,19,17,16,15,14,13,12,11,10,9,123,124,125,126,127,128,129,130,131,132,133,171,170,169,168,167,166,165,164,163,162
14,635,636,631,630,632,633,634,586,585,584,587,588,589,590,591,592,543,542,541,540,539,538,537,536,535,489,488,487,486,485,490,491,492,493,494,451,449,450,448,447,446,445,444,443,442,397,398,399,400,401,402,403,404,405,406,361,362,357,358,359,360,356,355,354,309,310,311,312,313,314,315,316,271,272,270,269,268,267,266,228
15,936,755,756,754,753,752,751,799,800,801,798,797,843,844,845,846,889,890,891,665,666,664,663,662,661,660,659,658,705,704,706,707,708,709,710,711,525,524,523,522,521,520,519,518,517,477,476,475,474,433,432,431,430,389,388,612,613,614,615,616,617,618,619,620,574,575,573,572,571,570,569,568,567,566
