1,1040,998,1041,999,1000,1042,908,954,909,863,953,952,997,996,950,951,905,904,949,995,1039,994,948,903,858,813,767,766,812,857,769,770,724,723,678,679,725,680,681,727,726,771,772,818,817,862,816,815,814,859,860,861,907,906,768,722,677,676,721,675
2,630,584,585,586,631,632,587,633,588,589,634,635,590,636,637,592,543,542,591,541,491,448,403,402,359,315,271,314,313,270,268,311,267,266,310,309,354,355,399,444,400,445,401,358,357,356,312,398,443,442,397,485,486,535,536,487,537,488,538,539,489,446,490,540,493,450,405,449,492,447,404,361,316,360,269
3,151,152,113,75,76,114,77,38,39,78,40,3,41,80,42,5,6,43,82,81,119,158,196,234,235,278,277,233,276,320,319,363,362,317,318,274,273,272,228,190,191,229,230,192,231,232,275,194,195,156,157,118,117,116,155,193,154,153,115,1,0,37,2,79,4
4,279,323,368,369,370,414,413,458,459,502,552,601,646,600,645,599,598,548,597,596,642,688,689,690,735,643,644,595,641,640,594,593,544,494,495,452,451,406,407,364,408,453,496,546,545,497,498,547,454,409,365,321,366,367,322,411,410,455,456,499,549,500,550,551,501,457,412,324
5,8,7,44,45,83,84,46,85,123,162,200,199,160,198,197,159,120,121,122,161,201,240,239,283,282,238,281,237,236,280,325,326,371,327,328,285,284,241,203,165,126,125,88,49,50,12,11,48,87,47,10,9,86,124,163,164,202,242,243,204,166,127,90,51,14,89,13
6,286,329,373,330,287,331,332,376,420,419,464,463,418,375,374,417,416,415,372,460,503,504,553,554,603,604,650,605,606,651,697,698,652,607,558,509,466,421,377,333,378,380,379,422,467,423,468,511,561,560,559,510,508,465,557,507,506,505,555,556,462,461,288
7,17,54,16,15,52,91,128,129,168,130,92,93,53,55,18,19,57,56,94,132,171,170,209,208,169,207,246,247,291,248,249,211,212,250,294,293,336,292,335,334,290,289,245,244,206,205,167,131,134,173,172,210,133,96,95,20,58,59,97,135,21
8,337,381,382,338,339,384,383,426,427,471,472,428,473,517,516,565,515,564,514,563,513,470,425,424,469,512,562,608,653,654,609,655,656,611,610,612,613,567,518,519,568,569,615,660,614,659,705,704,658,657,566,429,430,474,475,431,432,389,433,477,520,521,570,388,343,387,342,386,385,340,476,341
9,25,62,61,24,23,60,22,98,99,100,137,175,136,174,213,251,295,296,297,253,252,214,176,138,177,139,140,179,141,180,181,219,258,301,345,344,300,257,218,256,299,298,254,215,216,178,217,255,104,103,65,64,102,63,101,26,27,28,66,105,142,29
10,67,30,68,31,32,33,34,35,36,73,74,112,149,189,226,227,265,308,307,264,225,263,224,223,262,306,305,261,304,303,302,259,220,221,260,222,184,185,146,109,110,72,71,70,69,108,145,144,143,183,182,106,107,186,147,187,188,148,111,150
11,353,396,441,484,534,533,532,582,627,672,718,717,716,671,670,715,669,624,625,580,530,579,529,528,577,578,623,714,668,622,526,576,527,478,434,390,346,347,391,436,435,479,480,481,437,393,438,482,439,483,440,395,352,351,394,350,349,392,348,531,581,626,719,673,628,674,629,583,720
12,902,856,811,765,764,810,855,901,900,946,992,947,993,1038,1057,1056,1037,1055,1036,1054,1053,1052,1034,1033,988,987,941,940,895,850,851,805,760,761,806,852,898,899,854,809,763,762,808,853,807,897,896,942,943,944,989,1035,990,991,945,1031,1032,986,1051
13,1030,1029,1028,1027,982,981,1026,980,934,888,889,843,797,752,798,753,799,754,800,755,756,757,803,804,759,758,712,667,713,621,666,620,575,574,525,524,522,523,572,618,573,619,664,710,709,663,662,707,708,706,751,661,616,617,571,711,665,801,847,846,845,890,891,937,938,983,984,985,939,894,893,892,848,849,802,844,935,936,1025
14,1024,1023,978,979,933,887,841,842,796,750,749,703,702,701,700,746,745,699,744,789,790,836,835,880,881,926,927,972,971,1048,1049,1018,1019,973,928,929,884,839,838,883,882,837,791,792,747,793,748,794,840,795,886,885,931,932,977,1022,976,975,1021,1020,1050,974,930,1017
15,1016,1047,1015,1014,1013,968,969,970,925,924,878,833,832,831,830,784,785,740,739,693,738,692,691,736,737,782,781,873,874,919,920,965,1010,1011,1012,967,921,966,875,876,877,922,923,879,834,788,743,742,787,786,741,696,695,649,694,647,648,602,829,783,828,827,872,918,964,963,1009
16,1008,1007,961,960,959,1005,1004,1046,1003,1045,1002,1001,955,956,910,911,866,957,912,958,913,867,821,820,775,729,774,773,819,865,864,728,682,683,638,639,685,686,731,730,684,732,777,776,822,823,869,824,778,779,780,734,733,687,825,826,871,917,916,962,1006,914,915,870,868,1044,1043
