Scope,Metric,Group1,Group2,N_Blocks,Mean_Difference_Group2_minus_Group1,Percent_Difference_Relative_to_Group1,SE_Difference,CI95_Lower_Unadjusted,CI95_Upper_Unadjusted,t_value,DF,p_raw,p_Wilcoxon,Shapiro_Difference_p,p_Holm_All_Scopes,Significant,p_Wilcoxon_Holm_All_Scopes,CI_Family95_Lower_Bonferroni,CI_Family95_Upper_Bonferroni
Overall,Distance,ACO,GA,35,9.03521527482,0.793566529145,1.18807310915,6.62076022208,11.4496703276,7.60493205784,34,7.77285077612e-09,9.83709469438e-09,0.16563479282,1.78775567851e-07,True,2.36090272665e-07,5.02388023961,13.04655031
Overall,Distance,ACO,NSGAII,35,9.47464311791,0.832161650307,1.71101569054,5.99744087547,12.9518453604,5.53743789161,34,3.43932051939e-06,1.87021214515e-07,0.00739586408762,6.53470898684e-05,True,4.30148793384e-06,3.69767776756,15.2516084683
Overall,Distance,GA,NSGAII,35,0.439427843098,0.0382912545821,1.39369280723,-2.39289671206,3.27175239826,0.315297489389,34,0.754462929246,0.777117972786,0.865755850165,1,False,1,-4.26614855863,5.14500424483
Overall,Elevation,ACO,GA,35,-0.00882239341989,-1.70424362283,0.00263612652944,-0.0141796470852,-0.00346513975456,-3.34672608517,34,0.00200654753822,0.00338460295461,0.45055272302,0.0200654753822,True,0.0338460295461,-0.0177228445987,7.80577588885e-05
Overall,Elevation,ACO,NSGAII,35,-0.0395665690549,-7.64317229802,0.00397972861009,-0.0476543506713,-0.0314787874384,-9.94202693988,34,1.353559176e-11,4.07453626394e-10,0.727556470311,3.51925385761e-10,True,1.10012479126e-08,-0.0530034734687,-0.0261296646411
Overall,Elevation,GA,NSGAII,35,-0.030744175635,-6.04189732505,0.00386857526659,-0.0386060664794,-0.0228822847906,-7.94715716158,34,2.93975851944e-09,5.82076609135e-10,0.0299438862145,7.05542044665e-08,True,1.45519152284e-08,-0.0438057889176,-0.0176825623523
Overall,Turning,ACO,GA,35,3.89104417475,6.84729402633,0.348511850834,3.18278287946,4.59930547004,11.1647399233,34,6.45269939006e-13,4.07453626394e-10,0.867541620218,1.74222883532e-11,True,1.10012479126e-08,2.71435076534,5.06773758417
Overall,Turning,ACO,NSGAII,35,3.40691020083,5.99533565251,0.517681635281,2.35485453996,4.4589658617,6.58109148296,34,1.53060877246e-07,2.50875018537e-07,0.303619323759,3.21427842218e-06,True,5.51925040781e-06,1.65904261196,5.1547777897
Overall,Turning,GA,NSGAII,35,-0.484133973923,-0.797360739534,0.463590146942,-1.42626250462,0.457994556773,-1.04431463248,34,0.303708298934,0.279850576713,0.532858770981,1,False,1,-2.0493704767,1.08110252885
Map1,Distance,ACO,GA,15,9.94540698396,0.811005106599,1.92158516882,5.82401669417,14.0667972738,5.17562642828,14,0.000140724892865,0.00018310546875,0.276200516872,0.00211087339298,True,0.00238037109375,2.59270124085,17.2981127271
Map1,Distance,ACO,NSGAII,15,9.67739166799,0.789149611872,2.33645588648,4.66619218576,14.6885911502,4.14191071357,14,0.000997164559426,0.0006103515625,0.340007032861,0.0119659747131,True,0.0067138671875,0.737234919406,18.6175484166
Map1,Distance,GA,NSGAII,15,-0.268015315966,-0.0216796714841,1.66948969506,-3.84871458954,3.3126839576,-0.160537268819,14,0.874751279151,0.93408203125,0.0972533627599,1,False,1,-6.65610920223,6.12007857029
Map1,Elevation,ACO,GA,15,-0.00532585059211,-1.28660044427,0.00395441193755,-0.0138072206743,0.00315551949008,-1.34681228871,14,0.199439288369,0.187622070312,0.411145905936,1,False,1,-0.0204569141721,0.00980521298787
Map1,Elevation,ACO,NSGAII,15,-0.0323659463318,-7.81885263388,0.00645079690529,-0.0462015296607,-0.0185303630029,-5.01735627504,14,0.000188357893266,0.0001220703125,0.115089978315,0.00263701050572,True,0.0018310546875,-0.057049115323,-0.00768277734054
Map1,Elevation,GA,NSGAII,15,-0.0270400957397,-6.61739157906,0.00646315468425,-0.0409021838684,-0.0131780076109,-4.1837302464,14,0.000919172318913,6.103515625e-05,0.000221128152566,0.0119492401459,True,0.0009765625,-0.0517705502293,-0.00230964125008
Map1,Turning,ACO,GA,15,3.06457407755,4.7734716801,0.55660440324,1.87077636304,4.25837179205,5.50583872443,14,7.74175811417e-05,0.00042724609375,0.703571026314,0.00123868129827,True,0.005126953125,0.934796819302,5.19435133579
Map1,Turning,ACO,NSGAII,15,2.7993151126,4.36029643127,0.825422082289,1.0289608186,4.56966940661,3.39137414987,14,0.00438753404401,0.0042724609375,0.149846722879,0.036539793439,True,0.0379886627197,-0.359059433266,5.95768965847
Map1,Turning,GA,NSGAII,15,-0.265258964942,-0.394351014816,0.636915980375,-1.63130788097,1.10078995109,-0.416474029724,14,0.68337779051,0.890380859375,0.539708966849,1,False,1,-2.70233844638,2.1718205165
Map2,Distance,ACO,GA,20,8.35257149296,0.778615397166,1.52396339696,5.16287944509,11.5422635408,5.48082159298,19,2.7476841151e-05,4.76837158203e-05,0.652646551046,0.000467106299567,True,0.000810623168945,2.84614221181,13.8590007741
Map2,Distance,ACO,NSGAII,20,9.32258170535,0.869038434839,2.47956879948,4.13278456349,14.5123788472,3.75975924012,19,0.00132612310444,0.000167846679688,0.0180788567111,0.0145873541489,True,0.00234985351562,0.363330932461,18.2818324782
Map2,Distance,GA,NSGAII,20,0.970010212395,0.0897244294508,2.12316989647,-3.47383545251,5.4138558773,0.45686886104,19,0.652945516862,0.621513366699,0.776612626234,1,False,1,-6.70148958223,8.64151000702
Map2,Elevation,ACO,GA,20,-0.0114448005407,-1.92199220247,0.00350365523939,-0.0187780352351,-0.00411156584633,-3.26653159594,19,0.00405997704878,0.00422096252441,0.589009429098,0.036539793439,True,0.0379886627197,-0.0241043104999,0.00121470941845
Map2,Elevation,ACO,NSGAII,20,-0.0449670360972,-7.55157701869,0.0047979672298,-0.0550092969214,-0.0349247752729,-9.37210154707,19,1.4802335354e-08,3.81469726562e-06,0.624035105545,3.25651377787e-07,True,7.62939453125e-05,-0.062303192134,-0.0276308800603
Map2,Elevation,GA,NSGAII,20,-0.0335222355564,-5.73990534947,0.00477852595917,-0.0435238053336,-0.0235206657793,-7.01518331027,19,1.11301477881e-06,9.53674316406e-06,0.969092550677,2.22602955762e-05,True,0.000181198120117,-0.0507881458236,-0.0162563252893
Map2,Turning,ACO,GA,20,4.51089674766,8.79395279408,0.402453310728,3.66855228753,5.35324120779,11.208497054,19,8.12920709704e-10,1.90734863281e-06,0.608100615273,2.03230177426e-08,True,4.00543212891e-05,3.0567406315,5.96505286382
Map2,Turning,ACO,NSGAII,20,3.862606517,7.53011679778,0.661228699603,2.47863894327,5.24657409074,5.84155908435,19,1.25887609191e-05,1.90734863281e-05,0.775933660177,0.000226597696544,True,0.000343322753906,1.47343556952,6.25177746448
Map2,Turning,GA,NSGAII,20,-0.648290230659,-1.16167853437,0.667484039862,-2.04535038202,0.748769920705,-0.971244542107,19,0.343629545885,0.261098861694,0.281414736065,1,False,1,-3.06006315718,1.76348269586
