1,394,482,439,530,480,437,392,529,629,720,764,765,719,532,582,483,581,441,395,440,534,484,533,396,673,628,674,583,718,627,713,527,576,526,623,622,668,578,667,714,579,670,624,715,669,671,716,625,717,580,626,528,436,478,391,434,435,390,577,479,531,438,481,393,672
2,907,1042,954,999,909,955,817,1040,1041,862,908,816,863,680,678,679,768,677,676,996,857,903,766,948,767,813,721,812,949,904,1039,995,994,905,952,769,860,722,997,951,773,864,1000,1043,770,724,953,906,950,675,858,861,815,859,723,814,998,818,682,727,726,772,681,725,771
3,565,611,566,655,609,656,512,654,422,608,700,610,514,564,469,515,337,336,518,658,567,699,466,653,510,560,559,563,423,513,467,562,379,424,380,561,468,511,381,516,473,474,475,294,385,383,384,339,429,430,428,338,427,382,472,426,471,425,517,470,657,612
4,606,418,462,329,374,416,417,286,605,506,556,504,508,507,607,328,285,652,460,647,501,601,502,602,552,648,327,505,461,555,372,646,414,551,370,600,371,413,503,459,603,553,649,604,650,554,651,415,458,330,373,509,464,465,558,376,463,287,419,421,377,557,331,420,375
5,277,158,196,235,195,233,118,232,117,3,80,42,81,5,119,156,157,82,234,317,229,273,2,39,1,77,6,43,4,116,41,192,79,78,40,153,115,275,193,276,155,231,154,230,38,272,75,152,76,114,190,113,228,37,0,151,274,191,318,194
6,1017,880,791,835,792,837,748,793,702,790,746,744,745,789,747,701,838,796,973,931,975,932,882,836,1048,1019,1050,974,1021,1025,1023,979,978,1026,1022,1024,976,977,1020,930,1049,933,980,842,934,887,888,971,883,1018,927,926,886,885,840,839,972,841,929,884,928,750,795,749,794,703,881
7,66,104,103,299,300,252,255,256,175,136,295,216,296,179,215,176,253,139,177,138,343,297,341,298,386,217,342,137,387,389,431,344,345,388,213,340,140,218,27,219,180,258,26,141,28,105,29,142,181,257,63,102,25,22,60,23,99,24,100,61,101,98,178,301,62,251,174,254,214,64,65
8,1006,1002,1003,912,957,911,1044,865,1001,956,1005,960,776,777,684,730,822,778,824,734,779,733,871,780,917,781,1008,689,690,688,825,735,963,687,870,686,915,685,683,821,775,867,819,823,732,774,729,820,910,728,958,868,1004,959,913,1045,914,1046,866,869,731,1007,962,961,916,872,826
9,187,224,184,34,68,70,106,143,183,220,182,260,346,347,348,302,303,259,349,304,222,261,221,305,144,223,185,263,189,308,226,352,188,264,150,265,227,74,353,147,351,307,145,71,148,109,225,350,108,262,146,306,72,149,35,112,36,111,73,186,32,107,30,69,67,33,31,110
10,693,873,827,919,737,829,736,782,692,739,691,784,786,785,738,787,740,877,878,783,875,918,828,831,924,968,879,925,697,698,696,742,694,834,743,833,788,923,832,1012,1047,1016,1015,970,1014,969,1013,695,741,966,874,876,830,967,922,1011,1009,964,1010,921,965,920
11,943,1051,989,1034,898,988,1052,896,1031,985,1030,984,1029,849,804,895,940,760,806,759,851,945,809,854,810,992,1038,993,946,902,947,811,901,856,1055,1037,1054,991,1053,944,990,900,1056,1036,1057,1035,899,808,763,853,855,1032,942,758,761,805,850,807,852,986,941,1033,897,762,987,1028,803,983,939,894,938,848,893
12,283,237,282,281,238,325,160,46,85,47,83,44,197,120,159,7,198,84,122,280,121,236,8,45,9,11,87,48,50,13,51,14,204,89,49,125,88,164,12,127,90,242,165,203,126,123,10,202,161,162,86,200,199,240,241,284,124,201,163,326,239
13,589,539,447,402,541,359,492,448,591,316,449,542,315,358,312,357,313,487,399,632,398,443,309,311,442,634,587,633,268,356,266,355,267,444,485,310,584,397,354,630,535,631,585,536,586,486,445,635,489,491,590,490,636,637,540,269,488,400,270,361,404,360,403,271,401,446,314,538,537,588
14,892,1027,846,618,664,663,709,523,522,706,660,751,614,889,520,707,569,843,433,432,476,615,568,704,613,705,659,798,519,797,617,799,753,708,521,616,572,477,801,710,573,621,525,619,574,665,575,524,757,620,756,711,662,571,752,570,661,666,844,755,981,845,800,935,890,936,754,891,802,847,712,937,982
15,248,289,169,129,166,128,244,205,243,288,167,332,334,290,333,378,206,208,92,246,207,247,131,94,249,95,171,132,335,209,211,173,250,55,93,210,170,20,56,57,19,21,172,59,134,97,96,58,133,54,53,16,15,91,52,168,130,245,17,18,135,292,212,293,291
16,368,499,412,366,369,322,549,324,457,279,411,323,548,410,451,545,546,362,452,319,498,321,367,407,363,408,365,643,406,450,405,593,493,547,496,641,495,639,544,595,494,640,592,638,543,594,596,453,642,497,644,550,599,456,645,278,455,320,598,409,454,364,597,500
