Step1,Step2,Step3,Step4,Step5,Step6,Step7,Step8,Step9,Step10,Step11,Step12,Step13,Step14,Step15,Step16,Step17,Step18,Step19,Step20,Step21,Step22,Step23,Step24,Step25,Step26,Step27,Step28,Step29,Step30,Step31,Step32,Step33,Step34,Step35,Step36,Step37,Step38,Step39,Step40,Step41,Step42,Step43,Step44,Step45,Step46,Step47,Step48,Step49,Step50
19,29,24,34,39,23,28,22,27,21,26,20,7,11,2,1,8,3,4,0,9,12,13,17,14,18,6,10,5,15,16,25,32,31,35,37,40,45,41,46,30,36,33,43,49,44,42,47,38,48
19,29,24,34,39,23,28,22,27,21,26,20,7,11,2,1,8,3,4,0,9,12,13,17,14,18,6,10,5,15,16,25,32,31,35,37,40,45,41,46,30,36,33,43,49,44,42,47,38,48
19,29,24,34,39,23,28,22,27,21,5,20,7,35,2,1,8,3,4,0,9,37,13,17,14,18,6,10,33,15,16,25,32,31,11,12,40,45,48,46,30,36,26,43,49,44,47,42,38,41
19,29,24,34,39,23,28,22,27,21,26,20,7,11,2,1,8,3,4,0,9,12,13,17,14,18,6,10,5,15,16,25,32,31,35,37,40,45,41,46,30,36,33,43,49,44,42,47,38,48
43,29,41,34,39,23,28,27,22,21,17,33,12,11,2,1,8,3,4,0,9,46,13,30,14,18,6,47,5,15,16,25,32,31,35,37,40,45,20,7,26,36,24,19,49,44,42,10,38,48
19,29,24,34,48,23,28,22,42,39,26,20,7,14,45,1,8,3,4,0,9,47,13,32,37,18,6,43,5,44,16,25,17,31,35,11,40,2,41,46,30,36,33,10,49,15,27,12,38,21
34,39,23,28,22,27,21,26,20,7,11,2,1,8,3,4,0,9,12,13,17,14,18,6,10,5,15,16,25,32,31,35,37,40,45,41,46,30,36,33,43,49,44,42,47,38,48,19,29,24
19,29,24,34,39,23,28,22,27,21,26,20,7,11,2,1,8,3,4,0,9,12,13,17,14,18,6,10,5,15,16,25,32,31,35,37,40,45,41,46,30,36,33,43,49,44,42,47,38,48
19,29,24,34,39,23,28,22,27,21,26,20,7,11,2,1,8,3,4,0,9,12,13,17,14,18,6,10,5,15,16,25,32,31,35,37,40,45,41,46,30,36,33,43,49,44,42,47,38,48
19,29,24,34,39,23,28,22,27,21,26,20,7,11,2,1,8,3,4,0,9,12,13,17,14,18,6,10,5,15,16,25,32,31,35,37,40,45,41,46,30,36,33,43,49,44,42,47,38,48
19,29,24,34,39,23,28,22,27,21,26,20,7,11,2,1,8,3,4,0,9,12,13,17,14,18,6,10,5,15,16,25,32,31,35,37,40,45,41,46,30,36,33,43,49,44,42,47,38,48
19,29,24,34,39,23,28,22,27,21,26,20,7,11,2,1,8,3,4,0,9,12,13,17,14,18,6,10,5,15,16,25,32,31,35,37,40,45,41,46,30,36,33,43,49,44,42,47,38,48
19,29,24,34,39,23,28,22,27,21,26,20,7,11,2,1,8,3,4,0,9,12,13,17,14,18,6,10,5,15,16,25,32,31,35,37,40,45,41,46,30,36,33,43,49,44,42,47,38,48
19,29,24,34,39,23,28,22,11,48,15,3,7,5,2,1,0,20,4,44,9,12,13,17,14,18,6,49,27,26,16,25,32,31,35,37,40,45,41,46,30,36,33,43,8,10,42,47,38,21
24,43,19,31,39,23,28,22,27,21,26,20,7,11,2,1,8,3,4,0,9,12,13,17,14,18,6,10,5,15,16,25,32,35,37,40,45,41,46,30,36,33,34,49,44,42,47,38,48,29
19,29,24,34,39,23,28,22,27,21,26,20,7,11,2,1,8,3,4,0,9,12,13,17,14,18,6,10,5,15,16,25,32,31,35,37,40,45,41,46,30,36,33,43,49,44,42,47,38,48
19,10,40,34,39,24,28,22,27,21,26,18,7,11,2,1,8,3,32,0,9,12,13,5,14,31,6,23,17,15,16,49,4,35,37,29,45,41,46,33,30,36,20,43,25,44,42,47,38,48
19,29,24,34,39,23,28,22,27,21,26,20,7,11,2,1,8,3,4,0,9,12,13,17,14,18,6,10,5,15,16,25,32,31,35,37,40,45,41,46,30,36,33,43,49,44,42,47,38,48
19,29,24,34,39,23,28,22,27,21,26,20,7,11,2,1,8,3,4,0,9,12,13,17,14,18,6,10,5,15,16,25,32,35,37,40,45,41,46,31,30,36,33,43,49,44,42,47,38,48
19,29,24,34,39,23,28,22,27,21,26,20,7,11,2,1,8,3,4,0,9,12,13,17,14,18,6,10,5,15,16,25,32,31,35,37,40,45,41,46,30,36,33,43,49,44,42,47,38,48
19,29,24,34,39,23,28,22,27,21,26,20,7,11,2,1,8,3,4,0,9,12,13,17,14,18,6,10,5,15,16,25,32,35,37,40,45,41,46,31,30,36,33,43,49,44,42,47,38,48
19,29,24,34,39,23,28,22,27,21,26,20,7,11,2,1,8,3,4,0,9,12,13,17,14,18,6,10,5,15,16,25,32,31,35,37,40,45,41,46,30,36,33,43,49,44,42,47,38,48
19,29,24,34,39,23,28,22,27,21,26,20,7,11,2,1,8,3,4,0,9,12,13,17,14,18,6,10,5,15,16,25,32,31,35,37,40,45,41,46,30,36,33,43,49,44,42,47,38,48
0,29,25,28,39,23,11,35,27,21,26,36,7,46,2,17,8,3,4,19,9,12,13,1,14,18,15,10,43,40,16,24,32,31,22,37,6,45,41,34,30,20,33,5,49,44,42,47,38,48
19,29,24,34,39,23,28,22,27,21,26,20,7,11,2,1,8,3,4,0,9,12,13,17,14,18,6,10,5,15,16,25,32,31,35,37,40,45,41,46,30,36,33,43,49,44,42,47,38,48
19,29,24,34,39,23,28,38,27,32,26,20,3,36,2,1,8,46,5,0,48,22,13,17,14,18,6,10,4,47,16,25,37,31,35,21,40,45,41,7,30,12,33,43,49,44,42,15,11,9
19,29,24,43,39,23,28,22,27,46,26,20,7,1,0,11,8,12,4,2,35,3,13,17,14,18,6,5,10,15,36,25,32,31,9,37,40,45,41,21,48,16,33,34,49,44,42,47,38,30
19,29,24,34,39,23,28,22,27,21,26,20,7,11,2,1,8,3,4,0,9,12,13,17,14,18,6,10,5,15,16,25,32,31,35,37,40,45,41,46,30,36,33,43,49,44,42,47,38,48
19,29,24,34,39,23,28,22,27,21,26,20,7,11,2,1,8,3,4,0,9,12,13,17,14,18,6,10,5,15,16,25,32,35,37,40,45,41,46,31,30,36,33,43,49,44,42,47,38,48
19,29,24,34,39,23,28,22,27,21,26,20,7,11,2,1,8,3,4,0,9,12,13,17,14,18,6,10,5,15,16,25,32,31,35,37,40,45,41,46,30,36,33,43,49,44,42,47,38,48
29,34,39,23,22,27,21,26,20,7,11,2,1,8,3,4,0,9,12,13,25,35,45,17,14,18,6,41,5,15,37,28,32,31,24,16,40,48,10,46,30,36,33,43,49,44,42,47,38,19
29,34,39,23,22,36,21,1,20,7,11,2,26,8,3,4,0,13,9,12,28,24,48,17,14,18,6,10,5,15,16,25,32,31,35,37,40,45,41,46,30,27,33,49,43,44,42,47,38,19
28,29,24,20,39,36,19,8,27,44,32,34,13,35,6,1,22,3,4,0,9,12,7,17,37,18,2,10,5,49,16,25,26,11,14,40,45,41,46,31,30,23,33,43,15,47,42,21,38,48
19,29,25,34,39,23,45,37,27,21,26,9,7,11,2,1,8,3,4,24,20,41,12,17,14,42,6,10,5,35,36,0,32,31,15,22,40,28,46,18,30,16,33,43,49,44,13,47,38,48
29,24,34,39,23,28,22,27,21,26,20,7,11,2,1,8,17,3,4,0,9,12,13,18,14,6,10,5,15,16,25,32,31,35,37,40,45,41,46,30,36,33,43,49,44,42,47,38,48,19
23,24,34,39,1,28,22,27,45,26,20,7,11,2,29,8,18,3,4,0,9,12,13,17,16,6,10,5,21,14,25,43,35,37,40,15,41,46,44,30,36,33,32,49,31,42,47,38,48,19
29,24,34,23,28,22,27,21,26,20,7,11,2,1,8,3,4,0,9,12,13,17,14,18,6,16,32,10,5,15,39,25,30,31,35,37,40,45,41,46,36,33,43,49,44,42,47,38,48,19
29,24,34,37,23,28,22,27,21,26,20,7,11,2,1,4,3,8,42,36,13,17,14,18,6,39,30,10,5,15,16,25,32,31,35,40,45,44,46,12,9,33,43,49,41,0,47,38,48,19
19,29,24,34,39,23,28,12,27,1,26,11,7,20,2,45,8,3,4,0,9,22,13,17,14,18,6,10,5,15,16,25,49,31,35,37,40,21,41,46,30,36,33,43,32,44,42,47,38,48
19,29,24,34,39,23,28,22,27,21,26,20,7,11,2,1,8,3,4,0,9,12,13,17,14,18,6,10,5,15,16,25,32,31,35,37,40,45,41,46,30,36,33,43,49,44,42,47,38,48
19,29,24,34,39,23,28,22,27,21,26,20,7,11,2,1,8,3,4,0,9,12,13,17,14,18,6,10,5,15,16,25,32,31,35,37,40,45,41,46,30,36,33,43,49,44,42,47,38,48
19,29,24,34,39,23,28,22,27,21,26,20,7,11,2,1,8,3,4,0,9,12,13,17,14,18,6,10,5,15,16,25,32,35,37,40,45,41,46,31,30,36,33,43,49,44,42,47,38,48
19,29,24,34,39,23,28,22,27,21,26,20,7,11,2,1,8,3,4,0,9,12,13,16,14,17,6,10,49,15,18,25,32,31,35,44,40,45,48,46,33,36,30,43,5,37,42,47,38,41
19,29,24,34,39,23,28,22,27,21,26,20,7,11,2,1,8,3,4,0,9,12,13,17,14,18,6,10,5,15,16,25,32,31,35,37,40,45,41,46,30,36,33,43,49,44,42,47,38,48
19,29,24,34,35,23,31,22,27,21,37,16,7,13,2,1,8,3,4,0,9,12,11,17,46,18,6,10,36,15,25,20,32,28,33,26,40,45,41,14,30,5,39,43,49,48,42,47,38,44
19,36,14,34,39,23,31,27,22,21,26,16,0,1,2,11,8,7,4,3,9,12,13,17,24,49,6,10,5,15,20,25,32,35,37,40,45,41,46,28,30,29,33,43,18,44,42,47,38,48
19,29,24,34,39,23,28,22,27,21,26,20,7,11,2,1,8,3,4,0,9,12,13,17,14,18,6,10,5,15,16,25,32,31,35,37,40,45,41,46,30,36,33,43,49,44,42,47,38,48
19,29,24,34,39,23,28,22,27,21,26,20,7,11,2,1,8,3,4,0,9,12,13,17,14,18,6,10,5,15,16,25,32,31,35,37,40,45,41,46,30,36,33,43,49,44,42,47,38,48
19,25,24,34,39,23,9,22,27,21,26,20,7,36,28,1,8,3,4,0,44,12,38,17,14,18,6,10,5,15,47,30,32,31,35,37,40,45,41,46,29,11,33,43,49,2,42,16,13,48
15,18,21,34,45,23,28,22,27,24,26,20,7,31,2,1,8,3,4,0,9,12,13,17,14,29,6,10,38,19,16,25,39,11,35,37,40,32,41,46,30,36,33,43,49,44,42,47,5,48
19,29,24,34,39,23,28,22,27,21,26,20,7,11,2,1,8,3,4,0,9,12,13,17,14,18,6,10,5,15,16,25,32,31,35,37,40,45,41,46,30,36,33,43,49,44,42,47,38,48
19,29,24,34,39,23,28,22,27,21,26,20,7,11,2,1,8,3,4,0,9,12,13,17,14,18,6,10,5,15,16,25,32,31,35,37,40,45,41,46,30,36,33,43,49,44,42,47,38,48
19,29,24,34,39,23,1,22,3,28,26,48,7,11,2,21,12,27,4,0,46,8,13,17,14,18,6,10,5,43,16,42,32,31,41,37,40,45,35,25,30,36,33,49,15,44,9,47,38,20
19,29,24,34,39,23,28,22,27,21,26,20,7,11,2,1,8,3,4,0,9,12,13,17,14,18,6,10,5,15,16,25,32,35,37,40,45,41,46,31,30,36,33,43,49,44,42,47,38,48
0,24,34,9,4,28,45,27,48,37,20,17,11,2,1,35,25,23,47,43,12,13,36,7,14,31,6,10,5,15,16,3,32,18,49,26,40,33,41,30,46,22,39,8,44,42,29,38,21,19
10,24,22,39,3,28,43,27,21,26,20,7,11,1,2,45,33,29,0,47,12,13,31,17,46,18,6,16,5,37,4,25,32,40,15,35,8,41,34,30,36,23,38,49,44,42,9,14,48,19
19,29,24,34,39,23,28,22,27,21,26,20,7,11,2,1,8,3,4,0,9,12,13,17,14,18,6,10,5,15,16,25,32,31,35,37,40,45,41,46,30,36,33,43,49,44,42,47,38,48
19,29,24,34,36,44,28,22,9,30,26,43,14,35,2,7,23,3,4,0,6,12,13,17,1,18,38,45,5,41,16,25,32,31,11,37,40,10,15,46,21,39,33,20,49,8,42,47,27,48
19,29,44,34,39,23,28,22,27,21,8,0,24,11,49,35,26,3,4,20,9,12,13,17,14,18,6,10,5,15,40,25,43,31,16,48,46,30,33,2,32,7,42,38,47,45,1,36,41,37
19,29,35,34,39,23,25,22,36,21,1,20,7,11,2,26,8,3,4,0,13,9,12,17,14,18,6,41,5,15,37,28,32,31,40,45,46,30,33,43,49,44,42,47,38,48,24,27,10,16
19,29,24,34,39,23,28,22,27,21,26,20,7,11,2,1,8,3,4,0,9,12,13,17,14,18,6,10,5,15,16,25,32,31,35,37,40,45,41,46,30,36,33,43,49,44,42,47,38,48
19,29,24,34,39,23,28,22,27,21,26,20,7,11,2,1,8,3,4,0,9,12,13,17,14,18,6,10,5,15,16,25,32,31,35,37,40,45,41,46,30,36,33,43,49,44,42,47,38,48
19,29,24,34,39,23,28,22,27,21,26,20,7,11,2,1,8,3,4,0,9,12,13,17,14,18,6,10,5,15,16,25,32,31,35,37,40,45,41,46,30,36,33,43,49,44,42,47,38,48
19,7,24,34,39,40,28,22,27,26,37,20,32,11,2,30,8,3,4,0,9,12,13,17,14,18,45,10,5,31,15,25,29,16,35,21,23,6,41,46,1,36,33,43,49,44,42,47,38,48
19,29,24,34,39,23,28,22,27,21,26,20,7,11,2,1,8,3,4,0,9,12,13,17,14,18,6,10,5,15,16,25,32,31,35,37,40,45,41,46,30,36,33,43,49,44,42,47,38,48
19,46,24,34,39,23,28,45,27,37,26,20,7,11,2,14,8,3,49,6,9,12,13,15,1,18,0,10,41,29,16,25,32,31,35,21,48,22,47,36,30,17,33,43,4,44,42,5,38,40
19,29,24,34,39,23,28,22,27,21,26,20,7,11,2,1,8,3,4,0,9,12,13,17,14,18,6,10,5,15,16,25,32,31,35,37,40,45,41,46,30,36,33,43,49,44,42,47,38,48
19,29,24,34,39,23,28,22,27,21,26,20,7,11,2,1,8,3,4,0,9,12,13,17,14,18,6,10,5,15,16,25,32,31,35,37,40,45,41,46,30,36,33,43,49,44,42,47,38,48
27,22,10,11,39,23,28,19,9,29,38,21,46,6,2,5,8,3,43,24,20,12,36,17,14,18,49,0,35,15,16,26,31,32,4,37,40,30,41,7,13,45,33,1,34,44,42,47,25,48
19,29,24,34,39,23,28,22,27,21,26,20,7,11,2,1,8,3,4,0,9,12,13,17,14,18,6,10,5,15,16,25,32,31,35,37,40,45,41,46,30,36,33,43,49,44,42,47,38,48
19,29,24,34,39,23,28,22,27,21,26,20,7,11,2,1,8,3,4,0,9,12,13,17,14,18,6,10,5,15,16,25,32,31,35,37,40,45,41,46,30,36,33,43,49,44,42,47,38,48
19,29,24,34,39,23,28,22,27,21,26,20,7,11,2,1,8,3,4,0,9,12,13,17,14,18,6,10,5,15,16,25,32,35,37,40,45,41,46,31,30,36,33,43,49,44,42,47,38,48
19,29,24,34,39,23,28,22,27,21,26,20,7,11,2,1,8,3,4,0,9,12,13,17,14,18,6,10,5,15,16,25,32,31,35,37,40,45,41,46,30,36,33,43,49,44,42,47,38,48
19,29,24,15,49,23,28,22,11,20,4,18,7,27,2,12,8,31,30,0,32,1,13,17,14,21,6,25,41,34,16,10,9,44,35,37,40,45,5,46,42,36,33,43,39,3,26,47,38,48
19,29,24,34,39,23,28,22,27,21,26,20,7,11,2,1,8,3,4,0,9,12,13,17,14,18,6,10,5,15,16,25,32,31,35,37,40,45,41,46,30,36,33,43,49,44,42,47,38,48
34,29,24,28,39,23,19,22,25,21,18,33,7,11,13,1,8,3,4,0,20,43,2,17,14,26,37,10,5,15,16,27,32,47,35,6,40,45,41,46,30,36,9,12,49,44,42,31,38,48
24,34,39,23,19,29,28,22,27,21,26,20,7,11,2,1,8,3,4,0,9,12,13,17,14,18,6,10,5,15,16,25,32,31,35,37,40,45,41,46,30,36,33,43,49,44,42,47,38,48
24,34,39,23,25,31,28,22,27,21,26,20,7,11,2,1,8,3,4,0,9,12,13,17,14,18,6,10,5,15,16,44,32,35,37,40,41,46,30,36,33,45,49,42,47,38,48,19,43,29
19,35,24,2,39,23,28,22,25,21,43,20,7,11,34,1,8,3,26,15,9,12,13,17,14,18,6,10,5,0,16,27,32,31,29,37,40,45,41,46,30,36,33,4,49,44,42,47,38,48
19,29,24,34,39,23,28,22,27,21,26,20,7,11,2,1,8,3,4,0,9,12,13,17,14,18,6,10,5,15,16,25,32,31,35,37,40,45,41,46,30,36,33,43,49,44,42,47,38,48
24,29,19,34,39,23,28,22,42,32,2,12,7,11,26,1,8,3,25,0,9,20,13,49,14,18,6,10,5,15,16,4,21,31,35,37,40,45,41,46,30,36,33,43,17,44,27,47,38,48
19,29,24,34,39,23,28,22,27,21,26,20,7,11,2,1,8,3,4,0,9,12,13,17,14,18,6,10,5,15,16,25,32,31,35,37,40,45,41,46,30,36,33,43,49,44,42,47,38,48
19,29,24,34,39,23,28,22,27,21,26,20,7,11,2,1,8,3,4,0,9,12,13,17,14,18,6,10,5,15,16,25,32,31,35,37,40,45,41,46,30,36,33,43,49,44,42,47,38,48
19,29,24,34,39,23,28,22,27,21,26,20,7,11,2,1,8,3,4,0,9,12,13,17,14,18,6,10,5,15,16,25,32,31,35,37,40,45,41,46,30,36,33,43,49,44,42,47,38,48
19,29,24,34,39,23,28,22,27,21,26,20,7,11,2,1,8,3,4,0,9,12,13,17,14,18,6,10,5,15,16,25,32,31,35,37,40,45,41,46,30,36,33,43,49,44,42,47,38,48
19,29,24,34,39,23,28,22,27,21,26,20,7,11,2,1,8,3,4,0,9,12,13,17,14,18,6,10,5,15,16,25,32,31,35,37,40,45,41,46,30,36,33,43,49,44,42,47,38,48
19,29,24,34,39,23,28,22,27,21,26,20,7,11,2,1,8,3,4,0,9,12,13,17,14,18,6,10,5,15,16,25,32,31,35,37,40,45,41,46,30,36,33,43,49,44,42,47,38,48
19,29,24,34,39,23,28,22,27,21,26,20,7,11,2,1,8,3,4,0,9,12,13,17,14,18,6,10,5,15,16,25,32,31,35,37,40,45,41,46,30,36,33,43,49,44,42,47,38,48
19,29,24,12,47,23,28,22,25,34,26,20,7,11,2,1,8,3,4,45,9,21,13,17,44,41,6,10,5,33,16,27,32,31,35,37,40,0,18,46,30,36,15,43,49,14,42,39,38,48
19,29,24,34,39,23,28,22,27,21,26,20,7,11,2,32,8,12,4,40,9,3,33,35,14,41,6,10,5,15,16,25,1,31,17,47,0,45,18,37,30,36,46,43,49,44,42,13,38,48
34,39,35,28,6,27,21,26,20,48,11,2,46,8,3,4,23,42,12,29,17,14,18,22,10,32,15,36,37,5,31,0,25,40,43,41,1,30,16,33,45,49,44,9,47,38,7,19,13,24
34,39,23,28,22,27,21,26,20,7,11,2,1,8,3,10,5,15,4,0,9,12,13,17,14,18,6,16,25,32,31,35,37,40,45,41,46,30,36,33,43,49,44,42,47,38,48,19,29,24
19,29,24,34,39,23,28,22,27,21,26,20,7,11,2,1,8,3,4,0,9,12,13,17,14,18,6,10,5,15,16,25,32,31,35,37,40,45,41,46,30,36,33,43,49,44,42,47,38,48
19,45,18,47,39,23,40,49,27,21,29,13,7,11,2,1,37,3,4,0,9,12,20,17,14,24,46,34,5,33,16,25,36,31,22,8,28,26,41,6,30,32,15,43,35,44,42,10,38,48
24,34,39,23,28,22,27,21,26,20,7,11,2,1,8,3,4,0,9,12,13,17,14,18,6,10,5,15,16,25,32,31,35,37,40,45,41,30,46,29,19,36,33,43,49,44,42,47,38,48
24,34,39,23,28,22,27,21,29,19,26,20,7,11,2,1,8,3,4,0,9,12,13,17,14,18,6,10,5,15,16,25,32,31,35,37,40,45,41,46,30,36,33,43,49,44,42,47,38,48
19,29,24,34,39,23,28,22,27,21,26,20,7,11,2,1,8,3,4,0,9,12,13,17,14,18,6,10,5,15,16,25,32,31,35,37,40,45,41,46,30,36,33,43,49,44,42,47,38,48
19,29,24,9,39,46,28,22,27,21,38,20,33,11,6,1,8,3,4,0,18,12,13,17,40,34,2,10,5,15,16,25,32,31,35,37,14,45,41,23,30,36,7,43,49,44,42,47,26,48
7,38,24,19,39,23,6,20,27,21,15,22,17,45,2,1,8,42,4,44,9,14,13,34,26,18,28,10,5,12,16,25,32,29,35,37,40,41,31,36,30,46,33,43,49,0,3,47,11,48
19,29,24,34,39,23,28,22,27,21,26,20,7,11,2,1,8,3,4,0,9,12,13,17,14,18,6,10,5,15,16,25,32,31,35,37,40,45,41,46,30,36,33,43,49,44,42,47,38,48
19,29,24,34,39,23,28,22,27,21,26,20,7,11,2,1,8,3,4,0,9,12,13,17,14,18,6,10,5,15,16,25,32,31,35,37,40,45,41,46,30,36,33,43,49,44,42,47,38,48
19,29,24,34,39,23,28,22,27,21,26,20,7,11,2,1,8,3,4,0,9,12,13,17,14,18,6,10,5,15,16,25,32,31,35,37,40,45,41,46,30,36,33,43,49,44,42,47,38,48
22,29,24,39,34,23,28,19,27,21,26,20,7,11,2,1,8,3,4,0,35,12,13,43,14,46,6,10,5,15,49,40,32,31,9,37,25,45,47,18,30,36,33,17,16,44,42,41,38,48
23,43,25,34,15,12,44,20,42,21,4,7,37,11,2,1,8,39,26,5,9,49,36,17,14,18,6,10,29,3,27,35,32,30,46,22,40,45,41,47,31,13,33,0,19,28,16,24,38,48
19,29,24,34,39,23,28,22,27,21,26,20,7,11,2,1,8,3,4,0,9,12,13,17,14,18,6,10,5,15,16,25,32,31,35,37,40,45,41,46,30,36,33,43,49,44,42,47,38,48
19,29,24,34,39,23,28,22,27,21,26,20,7,11,2,1,8,3,4,0,9,12,13,17,14,18,6,10,5,15,16,25,32,31,35,37,40,45,41,46,30,36,33,43,49,44,42,47,38,48
19,29,24,34,39,23,28,22,27,21,26,20,7,11,2,1,8,3,4,0,9,12,13,17,14,18,6,10,5,15,16,25,32,31,35,37,40,45,41,46,30,36,33,43,49,44,42,47,38,48
19,29,24,34,39,23,28,22,27,21,26,20,7,11,2,1,8,3,4,0,9,12,13,17,14,18,6,10,5,15,16,25,32,31,35,37,40,45,41,46,30,36,33,43,49,44,42,47,38,48
29,19,24,34,39,23,28,22,27,21,26,13,7,11,2,45,8,18,4,0,9,12,20,17,14,33,6,10,5,15,16,25,32,31,35,37,40,1,41,46,30,36,3,43,49,44,42,47,38,48
19,29,24,34,39,23,28,22,27,21,26,20,7,11,2,1,8,3,4,0,9,12,13,17,14,18,6,10,5,15,16,25,32,31,35,37,40,45,41,46,30,36,33,43,49,44,42,47,38,48
29,24,34,39,23,28,22,27,21,26,20,7,11,2,1,8,3,4,0,9,12,13,17,14,18,6,10,5,15,19,16,25,32,31,35,37,40,45,41,46,30,36,33,43,49,44,42,47,38,48
29,24,34,39,23,28,22,27,21,26,20,7,11,2,1,8,3,4,0,9,12,13,17,14,18,6,10,5,15,16,25,32,35,37,40,45,41,46,31,30,36,33,43,49,44,42,47,38,48,19
19,29,24,34,39,23,28,22,27,21,26,20,7,11,2,1,8,3,4,0,9,12,13,17,14,18,6,10,5,15,16,25,32,31,35,37,40,45,41,46,30,36,33,43,49,44,42,47,38,48
19,29,24,34,39,23,28,22,27,21,26,20,7,11,2,1,8,3,4,0,9,12,13,17,14,18,6,10,5,15,16,25,32,35,37,40,45,41,46,31,30,36,33,43,49,44,42,47,38,48
19,29,24,34,13,23,28,22,27,21,11,38,7,46,2,1,8,3,4,0,9,12,41,17,14,18,6,10,5,15,16,25,32,31,35,37,40,45,39,48,30,36,33,43,49,44,42,47,20,26
19,29,24,34,39,23,28,22,27,21,26,20,7,11,2,1,8,3,4,0,9,12,13,17,14,18,6,10,5,15,16,25,32,35,37,40,45,41,46,31,30,36,33,43,49,44,42,47,38,48
19,29,24,34,39,23,28,22,27,21,26,20,7,11,2,1,8,3,4,0,9,12,13,17,14,18,6,10,5,15,16,25,32,31,35,37,40,45,41,46,30,36,33,43,49,44,42,47,38,48
19,29,24,34,39,23,28,22,27,21,26,20,7,11,2,1,8,3,4,0,9,12,13,17,14,18,6,10,5,15,16,25,32,31,35,37,40,45,41,46,30,36,33,43,49,44,42,47,38,48
19,29,24,34,39,23,28,22,27,21,26,20,7,11,2,1,8,3,4,0,9,12,13,17,14,18,6,10,5,15,16,25,32,31,35,37,40,45,41,46,30,36,33,43,49,44,42,47,38,48
19,29,24,34,39,23,28,22,27,21,26,20,7,11,2,1,8,3,4,0,9,12,13,17,14,18,6,10,5,15,16,25,32,31,35,37,40,45,41,46,30,36,33,43,49,44,42,47,38,48
19,29,24,34,39,23,28,22,27,21,26,20,7,11,2,1,8,3,4,0,9,12,13,17,14,18,6,10,5,15,16,25,32,31,35,37,40,45,41,46,30,36,33,43,49,44,42,47,38,48
19,29,24,34,39,23,28,22,27,21,26,20,7,11,2,1,8,3,4,0,9,12,13,17,14,18,6,10,5,15,16,25,32,31,35,37,40,45,41,46,30,36,33,43,49,44,42,47,38,48
19,29,24,34,39,23,28,22,27,21,26,20,7,11,2,1,8,3,4,0,9,12,13,17,14,18,6,10,5,15,16,25,32,31,35,37,40,45,41,46,30,36,33,43,49,44,42,47,38,48
19,29,24,34,39,23,28,22,27,21,26,20,7,11,2,1,8,3,4,0,9,12,13,17,14,18,6,10,5,15,16,25,32,31,35,37,40,45,41,46,30,36,33,43,49,44,42,47,38,48
19,29,24,34,39,23,28,22,27,21,26,20,7,11,2,1,8,3,4,0,9,12,13,17,14,18,6,10,5,15,16,25,32,31,35,37,40,45,41,46,30,36,33,43,49,44,42,47,38,48
19,29,24,34,39,23,28,22,27,21,26,20,7,11,2,1,8,3,4,0,9,12,13,17,14,18,6,10,5,15,16,25,32,31,35,37,40,45,41,46,30,36,33,43,49,44,42,47,38,48
19,29,24,34,39,23,28,22,27,21,26,20,7,11,2,1,8,3,4,0,9,12,13,17,14,18,6,10,5,15,16,25,32,31,35,37,40,45,41,46,30,36,33,43,49,44,42,47,38,48
19,29,24,34,39,23,28,22,27,21,26,20,7,11,2,1,8,3,4,0,9,12,13,17,14,18,6,10,5,15,16,25,32,31,35,37,40,45,41,46,30,36,33,43,49,44,42,47,38,48
19,29,24,34,39,23,28,22,27,21,26,20,7,11,2,1,8,3,4,0,9,12,13,17,14,18,6,10,5,15,16,25,32,31,35,37,40,45,41,46,30,36,33,43,49,44,42,47,38,48
14,29,24,34,39,11,28,22,27,21,26,36,7,23,2,1,8,12,4,0,43,35,13,17,19,18,30,37,5,15,16,25,46,31,38,10,49,45,41,32,6,20,33,9,40,44,42,47,3,48
19,29,24,34,39,23,28,22,27,21,26,20,7,11,2,1,8,3,4,0,9,12,13,17,14,18,6,10,5,15,16,25,32,35,37,40,45,41,46,31,30,36,33,43,49,44,42,47,38,48
19,29,24,34,39,23,28,22,27,21,26,20,7,11,2,1,8,3,4,0,9,12,13,17,14,18,6,10,5,15,16,25,32,31,35,37,40,45,41,46,30,36,33,43,49,44,42,47,38,48
19,29,24,34,39,23,28,22,27,21,26,20,7,11,2,1,8,3,4,0,9,12,13,17,14,18,6,10,5,15,16,25,32,31,35,37,40,45,41,46,30,36,33,43,49,44,42,47,38,48
19,29,24,34,39,23,28,22,27,21,26,20,7,11,2,1,8,3,4,0,9,12,13,17,14,18,6,10,5,15,16,25,32,31,35,37,40,45,41,46,30,36,33,43,49,44,42,47,38,48
19,29,24,34,39,23,28,22,27,21,26,20,7,11,2,1,8,3,4,0,9,12,13,17,14,18,6,10,5,15,16,25,32,31,35,37,40,45,41,46,30,36,33,43,49,44,42,47,38,48
19,29,24,34,39,23,28,22,27,21,26,20,7,11,36,1,8,3,43,0,9,12,13,17,14,18,6,10,5,15,38,25,32,31,2,37,40,45,41,46,30,35,33,4,49,44,42,47,16,48
24,34,23,28,39,48,22,27,21,26,20,7,11,2,1,8,3,4,0,9,12,13,17,14,18,6,10,5,15,16,25,32,31,35,37,40,45,41,46,30,36,33,43,49,44,42,47,38,19,29
43,28,48,34,39,23,26,20,7,11,2,1,8,3,24,0,12,49,17,14,27,9,18,6,10,5,15,16,25,32,35,37,40,45,41,46,31,30,36,33,4,13,44,42,47,38,22,21,19,29
19,29,24,34,39,23,28,22,27,21,26,20,7,11,2,1,8,3,4,0,9,12,13,17,14,18,6,10,5,15,16,25,32,31,35,37,40,45,41,46,30,36,33,43,49,44,42,47,38,48
19,41,24,45,39,23,28,22,27,21,26,20,13,11,32,1,7,5,4,0,9,12,8,17,14,18,6,42,3,15,38,25,2,35,37,34,40,29,46,31,30,36,33,43,49,44,10,47,16,48
15,29,3,34,39,47,28,4,27,49,26,20,42,35,31,1,8,5,22,0,25,12,13,17,18,14,6,10,24,19,16,9,32,2,11,37,40,33,41,46,30,36,45,43,21,44,7,23,38,48
19,29,24,34,39,23,28,22,27,21,26,20,49,11,2,1,8,30,4,25,9,12,13,44,14,18,15,41,5,6,16,43,32,31,35,37,40,45,10,46,3,36,33,0,7,17,42,47,38,48
0,46,36,17,13,23,28,22,27,43,26,20,7,11,2,1,24,3,42,19,9,12,39,34,14,18,6,10,5,15,41,25,32,31,35,37,40,45,16,44,30,8,33,21,49,29,4,47,38,48
19,29,24,34,39,23,28,22,27,21,26,20,7,11,2,1,8,3,4,0,9,12,13,17,14,18,6,10,5,15,16,25,32,31,35,37,40,45,41,46,30,36,33,43,49,44,42,47,38,48
29,24,34,31,23,28,22,1,21,26,20,7,19,0,36,8,3,4,2,9,12,13,17,14,18,47,10,5,39,16,15,25,32,35,37,40,45,41,46,30,27,33,43,49,44,42,6,38,48,11
29,24,34,39,23,28,22,27,21,26,20,7,11,2,1,8,3,4,0,9,12,13,17,14,18,6,10,5,37,15,16,25,32,31,35,40,45,41,46,30,36,33,43,49,44,42,47,38,48,19
19,48,0,34,39,23,28,22,27,21,26,20,7,11,38,1,8,3,10,44,18,12,13,2,37,9,6,4,24,15,16,40,46,31,35,14,25,29,30,32,41,36,42,43,49,5,33,47,17,45
19,29,24,34,39,23,28,22,27,21,26,20,7,11,2,1,8,3,4,0,9,12,13,17,14,18,6,10,5,15,16,25,32,31,35,37,40,45,41,46,30,36,33,43,49,44,42,47,38,48
19,29,24,34,39,23,28,22,27,21,26,20,7,11,2,1,8,3,4,0,9,12,13,17,14,18,6,10,5,15,16,25,32,31,35,37,40,45,41,46,30,36,33,43,49,44,42,47,38,48
19,29,24,34,39,23,28,22,27,21,26,20,7,11,2,1,8,3,4,0,9,12,13,17,14,18,6,10,5,15,16,25,32,31,35,37,40,45,41,46,30,36,33,43,49,44,42,47,38,48
19,29,24,34,39,23,28,22,27,21,26,20,7,11,2,1,8,3,4,0,9,12,13,17,14,18,6,10,5,15,16,25,32,31,35,37,40,45,41,46,30,36,33,43,49,44,42,47,38,48
19,29,24,34,39,23,28,22,27,21,26,20,7,11,2,1,8,3,4,0,9,12,13,17,14,18,6,10,5,15,16,25,32,31,35,37,40,45,41,46,30,36,33,43,49,44,42,47,38,48
19,29,24,34,39,23,28,22,27,21,26,20,7,11,2,1,8,3,4,0,9,12,13,17,14,18,6,10,5,15,16,25,32,31,35,37,40,45,41,46,30,36,33,43,49,44,42,47,38,48
19,29,16,36,45,23,25,22,27,35,34,10,7,33,0,1,8,3,4,2,9,12,42,17,40,18,6,20,5,15,43,13,32,31,21,37,14,39,41,11,30,28,46,24,26,44,49,47,38,48
19,29,24,34,39,23,20,9,33,21,26,28,7,11,2,1,8,3,27,0,22,12,13,17,14,18,6,5,10,15,16,31,32,25,35,37,40,45,41,46,30,36,4,43,49,44,42,47,38,48
19,29,24,34,39,23,28,22,27,21,26,20,7,11,2,1,8,3,4,0,9,12,13,17,14,18,6,10,5,15,16,25,32,31,35,37,40,45,41,46,30,36,33,43,49,44,42,47,38,48
19,29,24,34,39,23,28,22,27,21,26,20,7,11,2,1,8,3,4,0,9,12,13,17,14,18,6,10,5,15,16,25,32,31,35,37,40,45,41,46,30,36,33,43,49,44,42,47,38,48
19,29,24,34,39,23,28,22,27,21,26,20,7,11,2,1,8,3,4,0,9,12,13,17,14,18,6,10,5,15,16,25,32,31,35,37,40,45,41,46,30,36,33,43,49,44,42,47,38,48
19,22,34,36,30,15,0,26,43,7,11,6,8,3,4,39,37,40,28,27,21,12,1,17,14,38,45,10,5,31,24,25,29,16,35,9,23,2,41,46,13,32,33,20,49,44,42,47,18,48
19,7,24,34,39,28,22,27,26,20,11,2,8,3,4,29,21,23,1,0,9,12,13,17,14,18,6,10,5,15,16,25,32,31,35,37,40,45,41,46,30,36,33,43,49,44,42,47,38,48
19,29,24,34,39,23,28,22,27,21,26,20,7,11,2,1,8,3,4,0,9,12,13,17,14,18,6,10,5,15,16,25,32,31,35,37,40,45,41,46,30,36,33,43,49,44,42,47,38,48
19,29,24,34,39,23,28,22,27,21,26,20,7,11,2,1,8,3,4,0,9,12,13,17,14,18,6,10,5,15,16,25,32,31,35,37,40,45,41,46,30,36,33,43,49,44,42,47,38,48
19,29,24,34,39,23,28,22,27,21,26,20,7,11,2,1,8,3,4,0,9,12,13,17,14,18,6,10,5,15,16,25,32,31,35,37,40,45,41,46,30,36,33,43,49,44,42,47,38,48
19,24,44,34,39,6,8,22,27,21,14,35,7,38,49,40,28,3,4,41,9,33,13,10,23,18,45,17,5,15,16,25,32,31,20,37,1,26,0,46,30,36,12,43,2,29,47,42,11,48
19,29,7,22,39,23,28,34,27,33,26,20,6,4,14,1,8,47,11,0,9,12,13,17,2,10,24,18,5,15,16,25,32,3,35,37,41,45,40,46,30,36,21,49,48,38,42,31,44,43
19,29,24,34,39,23,28,22,27,21,26,20,7,11,2,1,8,3,4,0,9,12,13,17,14,18,6,10,5,15,16,25,32,31,35,37,40,45,41,46,30,36,33,43,49,44,42,47,38,48
19,29,24,34,40,45,28,22,27,7,1,20,21,15,2,26,8,3,4,0,9,12,13,17,31,18,6,10,5,14,16,25,32,35,11,37,39,23,41,46,30,36,38,43,49,44,42,47,33,48
19,29,24,34,39,23,28,22,27,21,26,20,7,11,2,1,8,3,4,0,9,12,13,17,14,18,6,10,5,15,16,25,32,35,37,40,45,41,46,31,30,36,33,43,49,44,42,47,38,48
19,29,24,34,39,23,28,32,27,21,26,20,7,11,2,1,8,17,4,0,9,12,13,46,14,40,10,22,31,15,16,25,6,5,35,37,18,45,41,3,30,36,33,43,49,47,42,44,38,48
19,29,24,34,39,23,28,22,27,21,26,20,7,11,2,1,8,3,4,0,9,12,13,17,14,18,6,10,5,15,16,25,32,31,35,37,40,45,41,46,30,36,33,43,49,44,42,47,38,48
19,29,24,34,39,23,28,22,27,21,26,20,7,11,2,1,8,3,4,0,9,12,13,17,14,18,6,10,5,15,16,25,32,31,35,37,40,45,41,46,30,36,33,43,49,44,42,47,38,48
19,29,24,34,39,23,28,22,27,21,26,20,7,11,2,1,8,3,4,0,9,12,13,17,14,18,6,10,5,15,16,25,32,31,35,37,40,45,41,46,30,36,33,43,49,44,42,47,38,48
19,29,24,34,39,23,28,22,27,21,26,20,7,11,2,1,8,3,4,0,9,12,13,17,14,18,6,10,5,15,16,25,32,31,35,37,40,45,41,46,30,36,33,43,49,44,42,47,38,48
19,32,24,34,47,23,14,22,26,21,27,20,48,29,2,1,8,3,4,5,9,12,13,17,28,18,6,10,0,15,16,25,11,31,43,37,40,45,41,46,30,36,33,35,49,44,42,39,38,7
31,29,27,34,39,23,28,22,24,21,26,20,7,11,2,1,42,4,3,0,9,12,13,17,14,18,6,10,48,15,8,5,32,35,37,40,45,41,46,19,44,36,33,43,49,30,16,47,38,25
19,29,24,34,39,23,28,22,27,21,26,20,7,11,2,1,8,3,4,0,9,12,13,17,14,18,6,10,5,15,16,25,32,31,35,37,40,45,41,46,30,36,33,43,49,44,42,47,38,48
19,29,24,34,39,23,28,22,27,21,26,20,7,11,2,1,8,3,4,0,9,12,13,17,14,18,6,10,5,15,16,25,32,31,35,37,40,45,41,46,30,36,33,43,49,44,42,47,38,48
19,29,24,34,39,23,28,22,27,21,26,20,7,11,2,1,8,3,4,0,9,12,13,17,14,18,6,10,5,15,16,25,32,31,35,37,40,45,41,46,30,36,33,43,49,44,42,47,38,48
19,29,24,34,39,23,28,22,27,21,26,20,7,11,2,1,8,3,4,0,9,12,13,17,14,18,6,10,5,15,16,25,32,31,35,37,40,45,41,46,30,36,33,43,49,44,42,47,38,48
19,29,24,34,39,23,28,22,27,21,26,20,7,11,2,1,8,3,4,0,9,12,13,17,14,18,6,10,5,15,16,25,32,35,37,40,45,41,46,31,30,36,33,43,49,44,42,47,38,48
37,24,34,39,23,29,33,45,31,26,20,43,11,2,1,8,3,4,0,49,10,14,13,17,12,42,6,38,5,15,16,44,32,21,35,40,27,41,46,30,36,22,7,9,18,25,47,28,48,19
29,24,34,39,23,28,22,27,21,26,20,7,11,2,1,8,3,4,0,9,31,12,13,17,14,18,6,10,5,15,16,25,32,35,37,40,45,41,46,30,36,33,43,49,44,42,47,38,48,19
19,29,24,34,39,23,28,22,27,21,26,20,7,11,2,1,8,3,4,0,9,12,13,17,14,18,6,10,5,15,16,25,32,31,35,37,40,45,41,46,30,36,33,43,49,44,42,47,38,48
19,29,24,34,39,23,28,22,27,21,26,20,7,11,2,1,8,3,4,0,9,12,13,17,14,18,6,10,5,15,16,25,32,31,35,37,40,45,41,46,30,36,33,43,49,44,42,47,38,48
19,29,24,34,39,23,28,22,27,21,26,20,7,11,2,1,8,3,4,0,9,12,13,17,14,18,6,10,5,15,16,25,32,31,35,37,40,45,41,46,30,36,33,43,49,44,42,47,38,48
19,29,24,34,39,23,28,22,27,21,26,20,7,11,2,1,8,3,4,0,9,12,13,17,14,18,6,10,5,15,16,25,32,31,35,37,40,45,41,46,30,36,33,43,49,44,42,47,38,48
29,34,39,23,22,27,21,25,35,45,1,20,7,11,2,26,8,3,4,0,13,9,12,17,14,18,6,41,5,15,37,28,32,31,24,16,40,48,10,46,30,36,33,43,49,44,42,47,38,19
13,34,39,6,22,36,8,28,18,48,14,37,7,11,2,1,15,3,4,0,9,12,44,35,26,24,10,31,5,21,16,33,32,23,17,20,40,45,41,46,30,27,25,49,43,29,42,47,38,19
19,29,24,34,39,23,28,22,27,21,26,20,7,11,2,1,8,3,4,0,9,12,13,17,14,18,6,10,5,15,16,25,32,31,35,37,40,45,41,46,30,36,33,43,49,44,42,47,38,48
19,29,24,34,39,23,28,22,27,21,26,20,7,11,2,1,8,3,4,0,9,12,13,17,14,18,6,10,5,15,16,25,32,31,35,37,40,45,41,46,30,36,33,43,49,44,42,47,38,48
19,29,24,34,39,23,28,22,27,21,26,20,7,11,2,1,8,3,4,0,9,12,13,17,14,18,6,10,5,15,16,25,32,35,37,40,45,41,46,31,30,36,33,43,49,44,42,47,38,48
19,29,24,34,39,23,28,22,27,21,26,20,7,11,2,1,8,3,4,0,9,12,13,17,14,18,6,10,5,15,16,25,32,31,35,37,40,45,41,46,30,36,33,43,49,44,42,47,38,48
19,29,24,34,39,23,28,22,27,21,26,20,7,11,2,1,8,3,4,0,9,12,13,17,14,18,6,10,5,15,16,25,32,31,35,37,40,45,41,46,30,36,33,43,49,44,42,47,38,48
15,29,24,34,39,23,28,22,27,21,26,20,1,11,2,7,8,3,43,0,9,12,13,17,14,40,6,10,5,19,16,25,48,35,37,18,45,41,46,42,30,36,33,4,49,44,31,47,38,32
2,7,24,47,4,23,19,22,27,21,30,40,9,0,28,48,35,3,39,11,29,12,13,17,6,16,14,38,5,15,33,25,36,31,8,26,20,45,41,46,37,34,44,43,49,18,42,32,10,1
19,29,24,34,39,23,28,22,27,21,26,20,7,11,2,1,8,3,4,0,9,12,13,17,14,18,6,10,5,15,16,25,32,31,35,37,40,45,41,46,30,36,33,43,49,44,42,47,38,48
24,34,11,40,39,23,25,27,22,21,26,20,7,19,2,10,8,3,4,0,35,12,13,17,14,18,28,1,5,15,16,6,32,31,9,37,45,41,46,30,36,33,43,49,44,42,47,38,48,29
19,29,24,34,39,23,28,22,27,21,26,20,7,11,2,1,8,3,4,0,9,12,13,17,14,18,6,10,5,15,16,25,32,31,35,37,40,45,41,46,30,33,43,49,44,42,47,38,48,36
46,29,24,34,39,23,0,22,27,21,26,20,7,11,25,18,8,3,4,35,10,12,13,17,14,1,6,9,43,15,16,2,32,31,28,37,40,45,41,19,30,36,33,5,49,44,42,47,38,48
19,29,24,34,39,23,28,22,27,21,26,20,7,11,2,1,8,3,4,0,9,12,13,17,14,18,6,10,5,15,16,25,32,31,35,37,40,45,41,46,30,36,33,43,49,44,42,47,38,48
